Entity,Code,Year,Tuberculosis-related deaths among people living with HIV - Central estimate
Afghanistan,AFG,2000,33
Afghanistan,AFG,2001,60
Afghanistan,AFG,2002,57
Afghanistan,AFG,2003,66
Afghanistan,AFG,2004,67
Afghanistan,AFG,2005,75
Afghanistan,AFG,2006,82
Afghanistan,AFG,2007,85
Afghanistan,AFG,2008,96
Afghanistan,AFG,2009,110
Afghanistan,AFG,2010,120
Afghanistan,AFG,2011,140
Afghanistan,AFG,2012,150
Afghanistan,AFG,2013,160
Afghanistan,AFG,2014,170
Afghanistan,AFG,2015,160
Afghanistan,AFG,2016,140
Afghanistan,AFG,2017,130
Afghanistan,AFG,2018,130
Afghanistan,AFG,2019,120
Afghanistan,AFG,2020,4
Afghanistan,AFG,2021,2
Afghanistan,AFG,2022,1
Afghanistan,AFG,2023,1
Africa,,2000,520476
Africa,,2001,516682
Africa,,2002,484108
Africa,,2003,489456
Africa,,2004,484993
Africa,,2005,524746
Africa,,2006,540107
Africa,,2007,515686
Africa,,2008,506593
Africa,,2009,491290
Africa,,2010,397195
Africa,,2011,385434
Africa,,2012,352296
Africa,,2013,321676
Africa,,2014,303750
Africa,,2015,280979
Africa,,2016,253901
Africa,,2017,221547
Africa,,2018,194749
Africa,,2019,171975
Africa,,2020,156879
Africa,,2021,136049
Africa,,2022,113817
Africa,,2023,112799
Albania,ALB,2000,0
Albania,ALB,2001,0
Albania,ALB,2002,0
Albania,ALB,2003,0
Albania,ALB,2004,1
Albania,ALB,2005,1
Albania,ALB,2006,1
Albania,ALB,2007,1
Albania,ALB,2008,1
Albania,ALB,2009,1
Albania,ALB,2010,2
Albania,ALB,2011,2
Albania,ALB,2012,2
Albania,ALB,2013,2
Albania,ALB,2014,2
Albania,ALB,2015,2
Albania,ALB,2016,2
Albania,ALB,2017,3
Albania,ALB,2018,2
Albania,ALB,2019,2
Albania,ALB,2020,2
Albania,ALB,2021,3
Albania,ALB,2022,3
Albania,ALB,2023,3
Algeria,DZA,2000,13
Algeria,DZA,2001,12
Algeria,DZA,2002,10
Algeria,DZA,2003,15
Algeria,DZA,2004,18
Algeria,DZA,2005,23
Algeria,DZA,2006,27
Algeria,DZA,2007,32
Algeria,DZA,2008,34
Algeria,DZA,2009,40
Algeria,DZA,2010,46
Algeria,DZA,2011,49
Algeria,DZA,2012,56
Algeria,DZA,2013,56
Algeria,DZA,2014,64
Algeria,DZA,2015,69
Algeria,DZA,2016,67
Algeria,DZA,2017,69
Algeria,DZA,2018,70
Algeria,DZA,2019,56
Algeria,DZA,2020,65
Algeria,DZA,2021,46
Algeria,DZA,2022,40
Algeria,DZA,2023,34
American Samoa,ASM,2000,0
American Samoa,ASM,2001,0
American Samoa,ASM,2002,0
American Samoa,ASM,2003,0
American Samoa,ASM,2004,0
American Samoa,ASM,2005,0
American Samoa,ASM,2006,0
American Samoa,ASM,2007,0
American Samoa,ASM,2008,0
American Samoa,ASM,2009,0
American Samoa,ASM,2010,0
American Samoa,ASM,2011,0
American Samoa,ASM,2012,0
American Samoa,ASM,2013,0
American Samoa,ASM,2014,0
American Samoa,ASM,2015,0
American Samoa,ASM,2016,0
American Samoa,ASM,2017,0
American Samoa,ASM,2018,0
American Samoa,ASM,2019,0
American Samoa,ASM,2020,0
American Samoa,ASM,2021,0
American Samoa,ASM,2022,0
American Samoa,ASM,2023,0
Angola,AGO,2000,1900
Angola,AGO,2001,3600
Angola,AGO,2002,3200
Angola,AGO,2003,3300
Angola,AGO,2004,4200
Angola,AGO,2005,5300
Angola,AGO,2006,4900
Angola,AGO,2007,3000
Angola,AGO,2008,7600
Angola,AGO,2009,3500
Angola,AGO,2010,9100
Angola,AGO,2011,5500
Angola,AGO,2012,9400
Angola,AGO,2013,8700
Angola,AGO,2014,9600
Angola,AGO,2015,8800
Angola,AGO,2016,8800
Angola,AGO,2017,9500
Angola,AGO,2018,3800
Angola,AGO,2019,2700
Angola,AGO,2020,2900
Angola,AGO,2021,3100
Angola,AGO,2022,3300
Angola,AGO,2023,3200
Antigua and Barbuda,ATG,2000,0
Antigua and Barbuda,ATG,2001,0
Antigua and Barbuda,ATG,2002,0
Antigua and Barbuda,ATG,2003,0
Antigua and Barbuda,ATG,2004,0
Antigua and Barbuda,ATG,2005,1
Antigua and Barbuda,ATG,2006,1
Antigua and Barbuda,ATG,2007,0
Antigua and Barbuda,ATG,2008,0
Antigua and Barbuda,ATG,2009,0
Antigua and Barbuda,ATG,2010,1
Antigua and Barbuda,ATG,2011,1
Antigua and Barbuda,ATG,2012,0
Antigua and Barbuda,ATG,2013,1
Antigua and Barbuda,ATG,2014,0
Antigua and Barbuda,ATG,2015,0
Antigua and Barbuda,ATG,2016,0
Antigua and Barbuda,ATG,2017,0
Antigua and Barbuda,ATG,2018,0
Antigua and Barbuda,ATG,2019,0
Antigua and Barbuda,ATG,2020,0
Antigua and Barbuda,ATG,2021,0
Antigua and Barbuda,ATG,2022,0
Antigua and Barbuda,ATG,2023,0
Argentina,ARG,2000,180
Argentina,ARG,2001,160
Argentina,ARG,2002,140
Argentina,ARG,2003,130
Argentina,ARG,2004,130
Argentina,ARG,2005,130
Argentina,ARG,2006,130
Argentina,ARG,2007,150
Argentina,ARG,2008,140
Argentina,ARG,2009,120
Argentina,ARG,2010,120
Argentina,ARG,2011,160
Argentina,ARG,2012,140
Argentina,ARG,2013,140
Argentina,ARG,2014,140
Argentina,ARG,2015,140
Argentina,ARG,2016,150
Argentina,ARG,2017,140
Argentina,ARG,2018,140
Argentina,ARG,2019,140
Argentina,ARG,2020,270
Argentina,ARG,2021,330
Argentina,ARG,2022,310
Argentina,ARG,2023,300
Armenia,ARM,2000,1
Armenia,ARM,2001,2
Armenia,ARM,2002,4
Armenia,ARM,2003,6
Armenia,ARM,2004,13
Armenia,ARM,2005,11
Armenia,ARM,2006,10
Armenia,ARM,2007,19
Armenia,ARM,2008,19
Armenia,ARM,2009,19
Armenia,ARM,2010,6
Armenia,ARM,2011,12
Armenia,ARM,2012,18
Armenia,ARM,2013,19
Armenia,ARM,2014,24
Armenia,ARM,2015,30
Armenia,ARM,2016,16
Armenia,ARM,2017,18
Armenia,ARM,2018,21
Armenia,ARM,2019,18
Armenia,ARM,2020,26
Armenia,ARM,2021,37
Armenia,ARM,2022,37
Armenia,ARM,2023,36
Aruba,ABW,2000,0
Aruba,ABW,2001,0
Aruba,ABW,2002,0
Aruba,ABW,2003,0
Aruba,ABW,2004,0
Aruba,ABW,2005,0
Aruba,ABW,2006,0
Aruba,ABW,2007,0
Aruba,ABW,2008,0
Aruba,ABW,2009,0
Aruba,ABW,2010,0
Aruba,ABW,2011,0
Aruba,ABW,2012,0
Aruba,ABW,2013,0
Aruba,ABW,2014,0
Aruba,ABW,2015,0
Aruba,ABW,2016,0
Aruba,ABW,2017,0
Aruba,ABW,2018,0
Aruba,ABW,2019,0
Aruba,ABW,2020,0
Aruba,ABW,2021,0
Aruba,ABW,2022,0
Aruba,ABW,2023,0
Asia,,2000,181896
Asia,,2001,131663
Asia,,2002,239592
Asia,,2003,214865
Asia,,2004,193956
Asia,,2005,112822
Asia,,2006,111241
Asia,,2007,167990
Asia,,2008,167448
Asia,,2009,155851
Asia,,2010,143964
Asia,,2011,140900
Asia,,2012,134526
Asia,,2013,85354
Asia,,2014,62016
Asia,,2015,78458
Asia,,2016,34884
Asia,,2017,35894
Asia,,2018,51533
Asia,,2019,36630
Asia,,2020,39431
Asia,,2021,37694
Asia,,2022,35674
Asia,,2023,31217
Asia and the Pacific (UNAIDS),,2000,150000
Asia and the Pacific (UNAIDS),,2001,130000
Asia and the Pacific (UNAIDS),,2002,240000
Asia and the Pacific (UNAIDS),,2003,210000
Asia and the Pacific (UNAIDS),,2004,110000
Asia and the Pacific (UNAIDS),,2005,110000
Asia and the Pacific (UNAIDS),,2006,110000
Asia and the Pacific (UNAIDS),,2007,120000
Asia and the Pacific (UNAIDS),,2008,170000
Asia and the Pacific (UNAIDS),,2009,160000
Asia and the Pacific (UNAIDS),,2010,140000
Asia and the Pacific (UNAIDS),,2011,140000
Asia and the Pacific (UNAIDS),,2012,130000
Asia and the Pacific (UNAIDS),,2013,120000
Asia and the Pacific (UNAIDS),,2014,62000
Asia and the Pacific (UNAIDS),,2015,48000
Asia and the Pacific (UNAIDS),,2016,58000
Asia and the Pacific (UNAIDS),,2017,54000
Asia and the Pacific (UNAIDS),,2018,32000
Asia and the Pacific (UNAIDS),,2019,28000
Asia and the Pacific (UNAIDS),,2020,39000
Asia and the Pacific (UNAIDS),,2021,38000
Asia and the Pacific (UNAIDS),,2022,35000
Asia and the Pacific (UNAIDS),,2023,31000
Australia,AUS,2000,19
Australia,AUS,2001,17
Australia,AUS,2002,16
Australia,AUS,2003,13
Australia,AUS,2004,13
Australia,AUS,2005,11
Australia,AUS,2006,10
Australia,AUS,2007,8
Australia,AUS,2008,8
Australia,AUS,2009,8
Australia,AUS,2010,8
Australia,AUS,2011,8
Australia,AUS,2012,3
Australia,AUS,2013,7
Australia,AUS,2014,4
Australia,AUS,2015,6
Australia,AUS,2016,5
Australia,AUS,2017,6
Australia,AUS,2018,5
Australia,AUS,2019,5
Australia,AUS,2020,5
Australia,AUS,2021,5
Australia,AUS,2022,5
Australia,AUS,2023,5
Austria,AUT,2000,14
Austria,AUT,2001,11
Austria,AUT,2002,11
Austria,AUT,2003,9
Austria,AUT,2004,8
Austria,AUT,2005,7
Austria,AUT,2006,6
Austria,AUT,2007,5
Austria,AUT,2008,4
Austria,AUT,2009,4
Austria,AUT,2010,4
Austria,AUT,2011,4
Austria,AUT,2012,3
Austria,AUT,2013,3
Austria,AUT,2014,2
Austria,AUT,2015,2
Austria,AUT,2016,3
Austria,AUT,2017,3
Austria,AUT,2018,2
Austria,AUT,2019,2
Austria,AUT,2020,2
Austria,AUT,2021,2
Austria,AUT,2022,2
Austria,AUT,2023,2
Azerbaijan,AZE,2000,36
Azerbaijan,AZE,2001,32
Azerbaijan,AZE,2002,34
Azerbaijan,AZE,2003,26
Azerbaijan,AZE,2004,39
Azerbaijan,AZE,2005,49
Azerbaijan,AZE,2006,50
Azerbaijan,AZE,2007,52
Azerbaijan,AZE,2008,71
Azerbaijan,AZE,2009,87
Azerbaijan,AZE,2010,15
Azerbaijan,AZE,2011,12
Azerbaijan,AZE,2012,29
Azerbaijan,AZE,2013,25
Azerbaijan,AZE,2014,33
Azerbaijan,AZE,2015,24
Azerbaijan,AZE,2016,30
Azerbaijan,AZE,2017,23
Azerbaijan,AZE,2018,18
Azerbaijan,AZE,2019,20
Azerbaijan,AZE,2020,39
Azerbaijan,AZE,2021,35
Azerbaijan,AZE,2022,64
Azerbaijan,AZE,2023,46
Bahamas,BHS,2000,11
Bahamas,BHS,2001,8
Bahamas,BHS,2002,5
Bahamas,BHS,2003,3
Bahamas,BHS,2004,5
Bahamas,BHS,2005,4
Bahamas,BHS,2006,7
Bahamas,BHS,2007,3
Bahamas,BHS,2008,4
Bahamas,BHS,2009,3
Bahamas,BHS,2010,3
Bahamas,BHS,2011,3
Bahamas,BHS,2012,2
Bahamas,BHS,2013,2
Bahamas,BHS,2014,3
Bahamas,BHS,2015,4
Bahamas,BHS,2016,8
Bahamas,BHS,2017,4
Bahamas,BHS,2018,2
Bahamas,BHS,2019,3
Bahamas,BHS,2020,2
Bahamas,BHS,2021,2
Bahamas,BHS,2022,2
Bahamas,BHS,2023,1
Bahrain,BHR,2000,1
Bahrain,BHR,2001,1
Bahrain,BHR,2002,1
Bahrain,BHR,2003,1
Bahrain,BHR,2004,1
Bahrain,BHR,2005,1
Bahrain,BHR,2006,1
Bahrain,BHR,2007,2
Bahrain,BHR,2008,2
Bahrain,BHR,2009,2
Bahrain,BHR,2010,2
Bahrain,BHR,2011,2
Bahrain,BHR,2012,0
Bahrain,BHR,2013,0
Bahrain,BHR,2014,0
Bahrain,BHR,2015,0
Bahrain,BHR,2016,0
Bahrain,BHR,2017,0
Bahrain,BHR,2018,0
Bahrain,BHR,2019,2
Bahrain,BHR,2020,2
Bahrain,BHR,2021,2
Bahrain,BHR,2022,1
Bahrain,BHR,2023,2
Bangladesh,BGD,2000,14
Bangladesh,BGD,2001,19
Bangladesh,BGD,2002,26
Bangladesh,BGD,2003,35
Bangladesh,BGD,2004,48
Bangladesh,BGD,2005,64
Bangladesh,BGD,2006,80
Bangladesh,BGD,2007,97
Bangladesh,BGD,2008,220
Bangladesh,BGD,2009,230
Bangladesh,BGD,2010,260
Bangladesh,BGD,2011,280
Bangladesh,BGD,2012,290
Bangladesh,BGD,2013,280
Bangladesh,BGD,2014,280
Bangladesh,BGD,2015,260
Bangladesh,BGD,2016,240
Bangladesh,BGD,2017,220
Bangladesh,BGD,2018,190
Bangladesh,BGD,2019,150
Bangladesh,BGD,2020,180
Bangladesh,BGD,2021,170
Bangladesh,BGD,2022,170
Bangladesh,BGD,2023,170
Barbados,BRB,2000,0
Barbados,BRB,2001,1
Barbados,BRB,2002,0
Barbados,BRB,2003,1
Barbados,BRB,2004,2
Barbados,BRB,2005,1
Barbados,BRB,2006,0
Barbados,BRB,2007,1
Barbados,BRB,2008,0
Barbados,BRB,2009,0
Barbados,BRB,2010,0
Barbados,BRB,2011,0
Barbados,BRB,2012,0
Barbados,BRB,2013,0
Barbados,BRB,2014,0
Barbados,BRB,2015,0
Barbados,BRB,2016,0
Barbados,BRB,2017,0
Barbados,BRB,2018,0
Barbados,BRB,2019,0
Barbados,BRB,2020,0
Barbados,BRB,2021,0
Barbados,BRB,2022,0
Barbados,BRB,2023,0
Belarus,BLR,2000,17
Belarus,BLR,2001,14
Belarus,BLR,2002,14
Belarus,BLR,2003,20
Belarus,BLR,2004,19
Belarus,BLR,2005,30
Belarus,BLR,2006,36
Belarus,BLR,2007,46
Belarus,BLR,2008,45
Belarus,BLR,2009,56
Belarus,BLR,2010,55
Belarus,BLR,2011,59
Belarus,BLR,2012,61
Belarus,BLR,2013,67
Belarus,BLR,2014,72
Belarus,BLR,2015,61
Belarus,BLR,2016,82
Belarus,BLR,2017,59
Belarus,BLR,2018,53
Belarus,BLR,2019,46
Belarus,BLR,2020,79
Belarus,BLR,2021,110
Belarus,BLR,2022,110
Belarus,BLR,2023,98
Belgium,BEL,2000,19
Belgium,BEL,2001,19
Belgium,BEL,2002,17
Belgium,BEL,2003,14
Belgium,BEL,2004,16
Belgium,BEL,2005,12
Belgium,BEL,2006,13
Belgium,BEL,2007,12
Belgium,BEL,2008,12
Belgium,BEL,2009,9
Belgium,BEL,2010,14
Belgium,BEL,2011,10
Belgium,BEL,2012,7
Belgium,BEL,2013,7
Belgium,BEL,2014,6
Belgium,BEL,2015,6
Belgium,BEL,2016,7
Belgium,BEL,2017,7
Belgium,BEL,2018,7
Belgium,BEL,2019,7
Belgium,BEL,2020,7
Belgium,BEL,2021,7
Belgium,BEL,2022,7
Belgium,BEL,2023,7
Belize,BLZ,2000,0
Belize,BLZ,2001,0
Belize,BLZ,2002,0
Belize,BLZ,2003,3
Belize,BLZ,2004,3
Belize,BLZ,2005,5
Belize,BLZ,2006,2
Belize,BLZ,2007,2
Belize,BLZ,2008,4
Belize,BLZ,2009,3
Belize,BLZ,2010,6
Belize,BLZ,2011,6
Belize,BLZ,2012,4
Belize,BLZ,2013,5
Belize,BLZ,2014,6
Belize,BLZ,2015,3
Belize,BLZ,2016,8
Belize,BLZ,2017,6
Belize,BLZ,2018,7
Belize,BLZ,2019,4
Belize,BLZ,2020,4
Belize,BLZ,2021,5
Belize,BLZ,2022,5
Belize,BLZ,2023,5
Benin,BEN,2000,600
Benin,BEN,2001,540
Benin,BEN,2002,470
Benin,BEN,2003,430
Benin,BEN,2004,410
Benin,BEN,2005,410
Benin,BEN,2006,310
Benin,BEN,2007,320
Benin,BEN,2008,360
Benin,BEN,2009,360
Benin,BEN,2010,370
Benin,BEN,2011,360
Benin,BEN,2012,370
Benin,BEN,2013,380
Benin,BEN,2014,400
Benin,BEN,2015,330
Benin,BEN,2016,340
Benin,BEN,2017,390
Benin,BEN,2018,330
Benin,BEN,2019,340
Benin,BEN,2020,370
Benin,BEN,2021,380
Benin,BEN,2022,350
Benin,BEN,2023,310
Bermuda,BMU,2000,0
Bermuda,BMU,2001,0
Bermuda,BMU,2002,0
Bermuda,BMU,2003,0
Bermuda,BMU,2004,0
Bermuda,BMU,2005,0
Bermuda,BMU,2006,0
Bermuda,BMU,2007,0
Bermuda,BMU,2008,0
Bermuda,BMU,2009,0
Bermuda,BMU,2010,0
Bermuda,BMU,2011,0
Bermuda,BMU,2012,0
Bermuda,BMU,2013,0
Bermuda,BMU,2014,0
Bermuda,BMU,2015,0
Bermuda,BMU,2016,0
Bermuda,BMU,2017,0
Bermuda,BMU,2018,0
Bermuda,BMU,2019,0
Bermuda,BMU,2020,0
Bermuda,BMU,2021,0
Bermuda,BMU,2022,0
Bermuda,BMU,2023,0
Bhutan,BTN,2000,12
Bhutan,BTN,2001,11
Bhutan,BTN,2002,12
Bhutan,BTN,2003,12
Bhutan,BTN,2004,13
Bhutan,BTN,2005,15
Bhutan,BTN,2006,15
Bhutan,BTN,2007,17
Bhutan,BTN,2008,17
Bhutan,BTN,2009,20
Bhutan,BTN,2010,23
Bhutan,BTN,2011,21
Bhutan,BTN,2012,20
Bhutan,BTN,2013,18
Bhutan,BTN,2014,3
Bhutan,BTN,2015,2
Bhutan,BTN,2016,2
Bhutan,BTN,2017,1
Bhutan,BTN,2018,1
Bhutan,BTN,2019,1
Bhutan,BTN,2020,2
Bhutan,BTN,2021,1
Bhutan,BTN,2022,2
Bhutan,BTN,2023,3
Bolivia,BOL,2000,260
Bolivia,BOL,2001,380
Bolivia,BOL,2002,330
Bolivia,BOL,2003,300
Bolivia,BOL,2004,280
Bolivia,BOL,2005,270
Bolivia,BOL,2006,300
Bolivia,BOL,2007,310
Bolivia,BOL,2008,270
Bolivia,BOL,2009,250
Bolivia,BOL,2010,250
Bolivia,BOL,2011,220
Bolivia,BOL,2012,150
Bolivia,BOL,2013,120
Bolivia,BOL,2014,180
Bolivia,BOL,2015,200
Bolivia,BOL,2016,180
Bolivia,BOL,2017,200
Bolivia,BOL,2018,110
Bolivia,BOL,2019,91
Bolivia,BOL,2020,100
Bolivia,BOL,2021,130
Bolivia,BOL,2022,120
Bolivia,BOL,2023,120
Bosnia and Herzegovina,BIH,2000,0
Bosnia and Herzegovina,BIH,2001,0
Bosnia and Herzegovina,BIH,2002,0
Bosnia and Herzegovina,BIH,2003,0
Bosnia and Herzegovina,BIH,2004,0
Bosnia and Herzegovina,BIH,2005,0
Bosnia and Herzegovina,BIH,2006,0
Bosnia and Herzegovina,BIH,2007,1
Bosnia and Herzegovina,BIH,2008,1
Bosnia and Herzegovina,BIH,2009,1
Bosnia and Herzegovina,BIH,2010,0
Bosnia and Herzegovina,BIH,2011,0
Bosnia and Herzegovina,BIH,2012,1
Bosnia and Herzegovina,BIH,2013,1
Bosnia and Herzegovina,BIH,2014,0
Bosnia and Herzegovina,BIH,2015,0
Bosnia and Herzegovina,BIH,2016,0
Bosnia and Herzegovina,BIH,2017,0
Bosnia and Herzegovina,BIH,2018,0
Bosnia and Herzegovina,BIH,2019,0
Bosnia and Herzegovina,BIH,2020,0
Bosnia and Herzegovina,BIH,2021,0
Bosnia and Herzegovina,BIH,2022,0
Bosnia and Herzegovina,BIH,2023,0
Botswana,BWA,2000,3900
Botswana,BWA,2001,3600
Botswana,BWA,2002,3100
Botswana,BWA,2003,3000
Botswana,BWA,2004,2600
Botswana,BWA,2005,2300
Botswana,BWA,2006,2800
Botswana,BWA,2007,2600
Botswana,BWA,2008,2000
Botswana,BWA,2009,1800
Botswana,BWA,2010,2100
Botswana,BWA,2011,1900
Botswana,BWA,2012,1400
Botswana,BWA,2013,1200
Botswana,BWA,2014,1300
Botswana,BWA,2015,1500
Botswana,BWA,2016,1100
Botswana,BWA,2017,710
Botswana,BWA,2018,900
Botswana,BWA,2019,1200
Botswana,BWA,2020,1100
Botswana,BWA,2021,1100
Botswana,BWA,2022,1100
Botswana,BWA,2023,1100
Brazil,BRA,2000,1400
Brazil,BRA,2001,1200
Brazil,BRA,2002,1200
Brazil,BRA,2003,1200
Brazil,BRA,2004,1200
Brazil,BRA,2005,1200
Brazil,BRA,2006,1200
Brazil,BRA,2007,1300
Brazil,BRA,2008,1400
Brazil,BRA,2009,1400
Brazil,BRA,2010,2700
Brazil,BRA,2011,2600
Brazil,BRA,2012,2600
Brazil,BRA,2013,2500
Brazil,BRA,2014,2400
Brazil,BRA,2015,2100
Brazil,BRA,2016,2000
Brazil,BRA,2017,2000
Brazil,BRA,2018,1900
Brazil,BRA,2019,1800
Brazil,BRA,2020,2600
Brazil,BRA,2021,2200
Brazil,BRA,2022,4000
Brazil,BRA,2023,3300
Brunei,BRN,2000,0
Brunei,BRN,2001,0
Brunei,BRN,2002,0
Brunei,BRN,2003,0
Brunei,BRN,2004,0
Brunei,BRN,2005,0
Brunei,BRN,2006,0
Brunei,BRN,2007,0
Brunei,BRN,2008,0
Brunei,BRN,2009,0
Brunei,BRN,2010,0
Brunei,BRN,2011,1
Brunei,BRN,2012,0
Brunei,BRN,2013,0
Brunei,BRN,2014,0
Brunei,BRN,2015,0
Brunei,BRN,2016,1
Brunei,BRN,2017,0
Brunei,BRN,2018,1
Brunei,BRN,2019,0
Brunei,BRN,2020,0
Brunei,BRN,2021,0
Brunei,BRN,2022,0
Brunei,BRN,2023,0
Bulgaria,BGR,2000,1
Bulgaria,BGR,2001,1
Bulgaria,BGR,2002,1
Bulgaria,BGR,2003,1
Bulgaria,BGR,2004,1
Bulgaria,BGR,2005,3
Bulgaria,BGR,2006,2
Bulgaria,BGR,2007,4
Bulgaria,BGR,2008,4
Bulgaria,BGR,2009,5
Bulgaria,BGR,2010,1
Bulgaria,BGR,2011,2
Bulgaria,BGR,2012,1
Bulgaria,BGR,2013,2
Bulgaria,BGR,2014,1
Bulgaria,BGR,2015,4
Bulgaria,BGR,2016,0
Bulgaria,BGR,2017,1
Bulgaria,BGR,2018,0
Bulgaria,BGR,2019,0
Bulgaria,BGR,2020,0
Bulgaria,BGR,2021,0
Bulgaria,BGR,2022,0
Bulgaria,BGR,2023,0
Burkina Faso,BFA,2000,1500
Burkina Faso,BFA,2001,1300
Burkina Faso,BFA,2002,1200
Burkina Faso,BFA,2003,1100
Burkina Faso,BFA,2004,980
Burkina Faso,BFA,2005,930
Burkina Faso,BFA,2006,1200
Burkina Faso,BFA,2007,1300
Burkina Faso,BFA,2008,910
Burkina Faso,BFA,2009,750
Burkina Faso,BFA,2010,680
Burkina Faso,BFA,2011,600
Burkina Faso,BFA,2012,510
Burkina Faso,BFA,2013,440
Burkina Faso,BFA,2014,410
Burkina Faso,BFA,2015,320
Burkina Faso,BFA,2016,330
Burkina Faso,BFA,2017,330
Burkina Faso,BFA,2018,320
Burkina Faso,BFA,2019,340
Burkina Faso,BFA,2020,290
Burkina Faso,BFA,2021,170
Burkina Faso,BFA,2022,140
Burkina Faso,BFA,2023,110
Burundi,BDI,2000,4300
Burundi,BDI,2001,3500
Burundi,BDI,2002,2900
Burundi,BDI,2003,2400
Burundi,BDI,2004,2000
Burundi,BDI,2005,2000
Burundi,BDI,2006,2000
Burundi,BDI,2007,1800
Burundi,BDI,2008,1600
Burundi,BDI,2009,1400
Burundi,BDI,2010,1100
Burundi,BDI,2011,1100
Burundi,BDI,2012,940
Burundi,BDI,2013,670
Burundi,BDI,2014,660
Burundi,BDI,2015,690
Burundi,BDI,2016,530
Burundi,BDI,2017,480
Burundi,BDI,2018,490
Burundi,BDI,2019,410
Burundi,BDI,2020,400
Burundi,BDI,2021,300
Burundi,BDI,2022,250
Burundi,BDI,2023,270
Cambodia,KHM,2000,1800
Cambodia,KHM,2001,2200
Cambodia,KHM,2002,3900
Cambodia,KHM,2003,3400
Cambodia,KHM,2004,3000
Cambodia,KHM,2005,2500
Cambodia,KHM,2006,2400
Cambodia,KHM,2007,2200
Cambodia,KHM,2008,1900
Cambodia,KHM,2009,1700
Cambodia,KHM,2010,1300
Cambodia,KHM,2011,1100
Cambodia,KHM,2012,830
Cambodia,KHM,2013,760
Cambodia,KHM,2014,510
Cambodia,KHM,2015,480
Cambodia,KHM,2016,470
Cambodia,KHM,2017,410
Cambodia,KHM,2018,390
Cambodia,KHM,2019,400
Cambodia,KHM,2020,460
Cambodia,KHM,2021,560
Cambodia,KHM,2022,660
Cambodia,KHM,2023,620
Cameroon,CMR,2000,16000
Cameroon,CMR,2001,14000
Cameroon,CMR,2002,14000
Cameroon,CMR,2003,12000
Cameroon,CMR,2004,12000
Cameroon,CMR,2005,12000
Cameroon,CMR,2006,12000
Cameroon,CMR,2007,12000
Cameroon,CMR,2008,9900
Cameroon,CMR,2009,9700
Cameroon,CMR,2010,8400
Cameroon,CMR,2011,8900
Cameroon,CMR,2012,8400
Cameroon,CMR,2013,8300
Cameroon,CMR,2014,7500
Cameroon,CMR,2015,7000
Cameroon,CMR,2016,6700
Cameroon,CMR,2017,6000
Cameroon,CMR,2018,5700
Cameroon,CMR,2019,5000
Cameroon,CMR,2020,4900
Cameroon,CMR,2021,3900
Cameroon,CMR,2022,3100
Cameroon,CMR,2023,2600
Canada,CAN,2000,47
Canada,CAN,2001,45
Canada,CAN,2002,39
Canada,CAN,2003,34
Canada,CAN,2004,29
Canada,CAN,2005,25
Canada,CAN,2006,20
Canada,CAN,2007,17
Canada,CAN,2008,16
Canada,CAN,2009,16
Canada,CAN,2010,11
Canada,CAN,2011,13
Canada,CAN,2012,15
Canada,CAN,2013,13
Canada,CAN,2014,12
Canada,CAN,2015,12
Canada,CAN,2016,13
Canada,CAN,2017,14
Canada,CAN,2018,13
Canada,CAN,2019,11
Canada,CAN,2020,11
Canada,CAN,2021,12
Canada,CAN,2022,12
Canada,CAN,2023,12
Cape Verde,CPV,2000,11
Cape Verde,CPV,2001,10
Cape Verde,CPV,2002,6
Cape Verde,CPV,2003,10
Cape Verde,CPV,2004,9
Cape Verde,CPV,2005,4
Cape Verde,CPV,2006,9
Cape Verde,CPV,2007,10
Cape Verde,CPV,2008,13
Cape Verde,CPV,2009,12
Cape Verde,CPV,2010,13
Cape Verde,CPV,2011,15
Cape Verde,CPV,2012,14
Cape Verde,CPV,2013,7
Cape Verde,CPV,2014,7
Cape Verde,CPV,2015,9
Cape Verde,CPV,2016,5
Cape Verde,CPV,2017,7
Cape Verde,CPV,2018,8
Cape Verde,CPV,2019,9
Cape Verde,CPV,2020,5
Cape Verde,CPV,2021,10
Cape Verde,CPV,2022,5
Cape Verde,CPV,2023,6
Caribbean (UNAIDS),,2000,4500
Caribbean (UNAIDS),,2001,4200
Caribbean (UNAIDS),,2002,3600
Caribbean (UNAIDS),,2003,3200
Caribbean (UNAIDS),,2004,3000
Caribbean (UNAIDS),,2005,3100
Caribbean (UNAIDS),,2006,3400
Caribbean (UNAIDS),,2007,2500
Caribbean (UNAIDS),,2008,2300
Caribbean (UNAIDS),,2009,2000
Caribbean (UNAIDS),,2010,1900
Caribbean (UNAIDS),,2011,1700
Caribbean (UNAIDS),,2012,1400
Caribbean (UNAIDS),,2013,1300
Caribbean (UNAIDS),,2014,1400
Caribbean (UNAIDS),,2015,1100
Caribbean (UNAIDS),,2016,1100
Caribbean (UNAIDS),,2017,1100
Caribbean (UNAIDS),,2018,1200
Caribbean (UNAIDS),,2019,1200
Caribbean (UNAIDS),,2020,1300
Caribbean (UNAIDS),,2021,1400
Caribbean (UNAIDS),,2022,1500
Caribbean (UNAIDS),,2023,1500
Cayman Islands,CYM,2000,0
Cayman Islands,CYM,2001,0
Cayman Islands,CYM,2002,0
Cayman Islands,CYM,2003,0
Cayman Islands,CYM,2004,0
Cayman Islands,CYM,2005,0
Cayman Islands,CYM,2006,0
Cayman Islands,CYM,2007,0
Cayman Islands,CYM,2008,0
Cayman Islands,CYM,2009,0
Cayman Islands,CYM,2010,0
Cayman Islands,CYM,2011,0
Cayman Islands,CYM,2012,0
Cayman Islands,CYM,2013,0
Cayman Islands,CYM,2014,0
Cayman Islands,CYM,2015,0
Cayman Islands,CYM,2016,0
Cayman Islands,CYM,2017,0
Cayman Islands,CYM,2018,0
Cayman Islands,CYM,2019,0
Cayman Islands,CYM,2020,0
Cayman Islands,CYM,2021,0
Cayman Islands,CYM,2022,0
Cayman Islands,CYM,2023,0
Central African Republic,CAF,2000,8100
Central African Republic,CAF,2001,7800
Central African Republic,CAF,2002,6700
Central African Republic,CAF,2003,6900
Central African Republic,CAF,2004,6900
Central African Republic,CAF,2005,7500
Central African Republic,CAF,2006,6900
Central African Republic,CAF,2007,7100
Central African Republic,CAF,2008,7000
Central African Republic,CAF,2009,6300
Central African Republic,CAF,2010,7000
Central African Republic,CAF,2011,3600
Central African Republic,CAF,2012,6500
Central African Republic,CAF,2013,6100
Central African Republic,CAF,2014,5300
Central African Republic,CAF,2015,5000
Central African Republic,CAF,2016,3900
Central African Republic,CAF,2017,3800
Central African Republic,CAF,2018,3400
Central African Republic,CAF,2019,3200
Central African Republic,CAF,2020,1800
Central African Republic,CAF,2021,1500
Central African Republic,CAF,2022,3200
Central African Republic,CAF,2023,2600
Chad,TCD,2000,1900
Chad,TCD,2001,1700
Chad,TCD,2002,1600
Chad,TCD,2003,1600
Chad,TCD,2004,1700
Chad,TCD,2005,1600
Chad,TCD,2006,1800
Chad,TCD,2007,2000
Chad,TCD,2008,1900
Chad,TCD,2009,1700
Chad,TCD,2010,1600
Chad,TCD,2011,1500
Chad,TCD,2012,1600
Chad,TCD,2013,1500
Chad,TCD,2014,1400
Chad,TCD,2015,1700
Chad,TCD,2016,1900
Chad,TCD,2017,1700
Chad,TCD,2018,1400
Chad,TCD,2019,1400
Chad,TCD,2020,1500
Chad,TCD,2021,1300
Chad,TCD,2022,1100
Chad,TCD,2023,1100
Chile,CHL,2000,89
Chile,CHL,2001,85
Chile,CHL,2002,65
Chile,CHL,2003,55
Chile,CHL,2004,59
Chile,CHL,2005,48
Chile,CHL,2006,41
Chile,CHL,2007,34
Chile,CHL,2008,33
Chile,CHL,2009,33
Chile,CHL,2010,34
Chile,CHL,2011,34
Chile,CHL,2012,33
Chile,CHL,2013,31
Chile,CHL,2014,31
Chile,CHL,2015,69
Chile,CHL,2016,67
Chile,CHL,2017,64
Chile,CHL,2018,64
Chile,CHL,2019,69
Chile,CHL,2020,70
Chile,CHL,2021,72
Chile,CHL,2022,74
Chile,CHL,2023,75
China,CHN,2000,11000
China,CHN,2001,9800
China,CHN,2002,9200
China,CHN,2003,7500
China,CHN,2004,5700
China,CHN,2005,4800
China,CHN,2006,4800
China,CHN,2007,4200
China,CHN,2008,3900
China,CHN,2009,3900
China,CHN,2010,3700
China,CHN,2011,3700
China,CHN,2012,3700
China,CHN,2013,3500
China,CHN,2014,3200
China,CHN,2015,3000
China,CHN,2016,2800
China,CHN,2017,2400
China,CHN,2018,2000
China,CHN,2019,2200
China,CHN,2020,2100
China,CHN,2021,2100
China,CHN,2022,2000
China,CHN,2023,2000
Colombia,COL,2000,330
Colombia,COL,2001,280
Colombia,COL,2002,240
Colombia,COL,2003,230
Colombia,COL,2004,210
Colombia,COL,2005,200
Colombia,COL,2006,180
Colombia,COL,2007,240
Colombia,COL,2008,320
Colombia,COL,2009,300
Colombia,COL,2010,250
Colombia,COL,2011,270
Colombia,COL,2012,510
Colombia,COL,2013,550
Colombia,COL,2014,440
Colombia,COL,2015,450
Colombia,COL,2016,490
Colombia,COL,2017,430
Colombia,COL,2018,480
Colombia,COL,2019,510
Colombia,COL,2020,560
Colombia,COL,2021,820
Colombia,COL,2022,1000
Colombia,COL,2023,910
Comoros,COM,2000,0
Comoros,COM,2001,0
Comoros,COM,2002,0
Comoros,COM,2003,0
Comoros,COM,2004,0
Comoros,COM,2005,2
Comoros,COM,2006,0
Comoros,COM,2007,0
Comoros,COM,2008,0
Comoros,COM,2009,0
Comoros,COM,2010,0
Comoros,COM,2011,0
Comoros,COM,2012,1
Comoros,COM,2013,1
Comoros,COM,2014,0
Comoros,COM,2015,0
Comoros,COM,2016,0
Comoros,COM,2017,0
Comoros,COM,2018,2
Comoros,COM,2019,0
Comoros,COM,2020,0
Comoros,COM,2021,3
Comoros,COM,2022,1
Comoros,COM,2023,3
Congo,COG,2000,1100
Congo,COG,2001,1200
Congo,COG,2002,1400
Congo,COG,2003,2100
Congo,COG,2004,1800
Congo,COG,2005,2000
Congo,COG,2006,2600
Congo,COG,2007,2600
Congo,COG,2008,2700
Congo,COG,2009,2400
Congo,COG,2010,2400
Congo,COG,2011,2200
Congo,COG,2012,2300
Congo,COG,2013,2500
Congo,COG,2014,2700
Congo,COG,2015,2700
Congo,COG,2016,2600
Congo,COG,2017,2700
Congo,COG,2018,2500
Congo,COG,2019,2300
Congo,COG,2020,2700
Congo,COG,2021,2600
Congo,COG,2022,2300
Congo,COG,2023,2400
Cook Islands,COK,2000,0
Cook Islands,COK,2001,0
Cook Islands,COK,2002,0
Cook Islands,COK,2003,0
Cook Islands,COK,2004,0
Cook Islands,COK,2005,0
Cook Islands,COK,2006,0
Cook Islands,COK,2007,0
Cook Islands,COK,2008,0
Cook Islands,COK,2009,0
Cook Islands,COK,2010,0
Cook Islands,COK,2011,0
Cook Islands,COK,2012,0
Cook Islands,COK,2013,0
Cook Islands,COK,2014,0
Cook Islands,COK,2015,0
Cook Islands,COK,2016,0
Cook Islands,COK,2017,0
Cook Islands,COK,2018,0
Cook Islands,COK,2019,0
Cook Islands,COK,2020,0
Cook Islands,COK,2021,0
Cook Islands,COK,2022,0
Cook Islands,COK,2023,0
Costa Rica,CRI,2000,7
Costa Rica,CRI,2001,6
Costa Rica,CRI,2002,5
Costa Rica,CRI,2003,7
Costa Rica,CRI,2004,6
Costa Rica,CRI,2005,20
Costa Rica,CRI,2006,15
Costa Rica,CRI,2007,14
Costa Rica,CRI,2008,13
Costa Rica,CRI,2009,6
Costa Rica,CRI,2010,15
Costa Rica,CRI,2011,11
Costa Rica,CRI,2012,16
Costa Rica,CRI,2013,11
Costa Rica,CRI,2014,12
Costa Rica,CRI,2015,9
Costa Rica,CRI,2016,10
Costa Rica,CRI,2017,10
Costa Rica,CRI,2018,12
Costa Rica,CRI,2019,11
Costa Rica,CRI,2020,9
Costa Rica,CRI,2021,11
Costa Rica,CRI,2022,10
Costa Rica,CRI,2023,10
Cote d'Ivoire,CIV,2000,22000
Cote d'Ivoire,CIV,2001,19000
Cote d'Ivoire,CIV,2002,17000
Cote d'Ivoire,CIV,2003,14000
Cote d'Ivoire,CIV,2004,12000
Cote d'Ivoire,CIV,2005,12000
Cote d'Ivoire,CIV,2006,11000
Cote d'Ivoire,CIV,2007,9200
Cote d'Ivoire,CIV,2008,5200
Cote d'Ivoire,CIV,2009,5200
Cote d'Ivoire,CIV,2010,3900
Cote d'Ivoire,CIV,2011,4000
Cote d'Ivoire,CIV,2012,3600
Cote d'Ivoire,CIV,2013,3000
Cote d'Ivoire,CIV,2014,3000
Cote d'Ivoire,CIV,2015,3100
Cote d'Ivoire,CIV,2016,2900
Cote d'Ivoire,CIV,2017,2700
Cote d'Ivoire,CIV,2018,2600
Cote d'Ivoire,CIV,2019,2200
Cote d'Ivoire,CIV,2020,2100
Cote d'Ivoire,CIV,2021,1700
Cote d'Ivoire,CIV,2022,1700
Cote d'Ivoire,CIV,2023,1800
Croatia,HRV,2000,2
Croatia,HRV,2001,4
Croatia,HRV,2002,4
Croatia,HRV,2003,4
Croatia,HRV,2004,3
Croatia,HRV,2005,2
Croatia,HRV,2006,2
Croatia,HRV,2007,2
Croatia,HRV,2008,2
Croatia,HRV,2009,2
Croatia,HRV,2010,1
Croatia,HRV,2011,1
Croatia,HRV,2012,1
Croatia,HRV,2013,1
Croatia,HRV,2014,1
Croatia,HRV,2015,1
Croatia,HRV,2016,1
Croatia,HRV,2017,1
Croatia,HRV,2018,1
Croatia,HRV,2019,1
Croatia,HRV,2020,1
Croatia,HRV,2021,1
Croatia,HRV,2022,1
Croatia,HRV,2023,1
Cuba,CUB,2000,4
Cuba,CUB,2001,3
Cuba,CUB,2002,3
Cuba,CUB,2003,0
Cuba,CUB,2004,0
Cuba,CUB,2005,0
Cuba,CUB,2006,5
Cuba,CUB,2007,5
Cuba,CUB,2008,17
Cuba,CUB,2009,0
Cuba,CUB,2010,2
Cuba,CUB,2011,13
Cuba,CUB,2012,15
Cuba,CUB,2013,14
Cuba,CUB,2014,18
Cuba,CUB,2015,14
Cuba,CUB,2016,14
Cuba,CUB,2017,20
Cuba,CUB,2018,16
Cuba,CUB,2019,14
Cuba,CUB,2020,15
Cuba,CUB,2021,19
Cuba,CUB,2022,17
Cuba,CUB,2023,16
Cyprus,CYP,2000,1
Cyprus,CYP,2001,1
Cyprus,CYP,2002,0
Cyprus,CYP,2003,1
Cyprus,CYP,2004,0
Cyprus,CYP,2005,0
Cyprus,CYP,2006,0
Cyprus,CYP,2007,0
Cyprus,CYP,2008,0
Cyprus,CYP,2009,0
Cyprus,CYP,2010,1
Cyprus,CYP,2011,0
Cyprus,CYP,2012,1
Cyprus,CYP,2013,0
Cyprus,CYP,2014,0
Cyprus,CYP,2015,1
Cyprus,CYP,2016,0
Cyprus,CYP,2017,0
Cyprus,CYP,2018,0
Cyprus,CYP,2019,1
Cyprus,CYP,2020,1
Cyprus,CYP,2021,1
Cyprus,CYP,2022,1
Cyprus,CYP,2023,1
Czechia,CZE,2000,1
Czechia,CZE,2001,2
Czechia,CZE,2002,2
Czechia,CZE,2003,2
Czechia,CZE,2004,2
Czechia,CZE,2005,1
Czechia,CZE,2006,1
Czechia,CZE,2007,1
Czechia,CZE,2008,1
Czechia,CZE,2009,1
Czechia,CZE,2010,1
Czechia,CZE,2011,1
Czechia,CZE,2012,1
Czechia,CZE,2013,1
Czechia,CZE,2014,1
Czechia,CZE,2015,1
Czechia,CZE,2016,1
Czechia,CZE,2017,1
Czechia,CZE,2018,1
Czechia,CZE,2019,1
Czechia,CZE,2020,1
Czechia,CZE,2021,1
Czechia,CZE,2022,1
Czechia,CZE,2023,6
Democratic Republic of Congo,COD,2000,25000
Democratic Republic of Congo,COD,2001,22000
Democratic Republic of Congo,COD,2002,20000
Democratic Republic of Congo,COD,2003,18000
Democratic Republic of Congo,COD,2004,16000
Democratic Republic of Congo,COD,2005,17000
Democratic Republic of Congo,COD,2006,19000
Democratic Republic of Congo,COD,2007,7100
Democratic Republic of Congo,COD,2008,6700
Democratic Republic of Congo,COD,2009,19000
Democratic Republic of Congo,COD,2010,19000
Democratic Republic of Congo,COD,2011,20000
Democratic Republic of Congo,COD,2012,20000
Democratic Republic of Congo,COD,2013,20000
Democratic Republic of Congo,COD,2014,19000
Democratic Republic of Congo,COD,2015,18000
Democratic Republic of Congo,COD,2016,16000
Democratic Republic of Congo,COD,2017,10000
Democratic Republic of Congo,COD,2018,12000
Democratic Republic of Congo,COD,2019,9900
Democratic Republic of Congo,COD,2020,7200
Democratic Republic of Congo,COD,2021,7200
Democratic Republic of Congo,COD,2022,5100
Democratic Republic of Congo,COD,2023,5400
Denmark,DNK,2000,10
Denmark,DNK,2001,8
Denmark,DNK,2002,6
Denmark,DNK,2003,5
Denmark,DNK,2004,1
Denmark,DNK,2005,4
Denmark,DNK,2006,3
Denmark,DNK,2007,3
Denmark,DNK,2008,0
Denmark,DNK,2009,0
Denmark,DNK,2010,2
Denmark,DNK,2011,3
Denmark,DNK,2012,2
Denmark,DNK,2013,2
Denmark,DNK,2014,2
Denmark,DNK,2015,2
Denmark,DNK,2016,2
Denmark,DNK,2017,1
Denmark,DNK,2018,1
Denmark,DNK,2019,1
Denmark,DNK,2020,1
Denmark,DNK,2021,1
Denmark,DNK,2022,1
Denmark,DNK,2023,1
Djibouti,DJI,2000,480
Djibouti,DJI,2001,470
Djibouti,DJI,2002,330
Djibouti,DJI,2003,320
Djibouti,DJI,2004,280
Djibouti,DJI,2005,300
Djibouti,DJI,2006,300
Djibouti,DJI,2007,130
Djibouti,DJI,2008,150
Djibouti,DJI,2009,140
Djibouti,DJI,2010,370
Djibouti,DJI,2011,310
Djibouti,DJI,2012,280
Djibouti,DJI,2013,240
Djibouti,DJI,2014,61
Djibouti,DJI,2015,45
Djibouti,DJI,2016,39
Djibouti,DJI,2017,29
Djibouti,DJI,2018,21
Djibouti,DJI,2019,18
Djibouti,DJI,2020,19
Djibouti,DJI,2021,14
Djibouti,DJI,2022,21
Djibouti,DJI,2023,19
Dominica,DMA,2000,0
Dominica,DMA,2001,0
Dominica,DMA,2002,0
Dominica,DMA,2003,0
Dominica,DMA,2004,0
Dominica,DMA,2005,0
Dominica,DMA,2006,0
Dominica,DMA,2007,0
Dominica,DMA,2008,0
Dominica,DMA,2009,0
Dominica,DMA,2010,0
Dominica,DMA,2011,0
Dominica,DMA,2012,0
Dominica,DMA,2013,1
Dominica,DMA,2014,0
Dominica,DMA,2015,0
Dominica,DMA,2016,0
Dominica,DMA,2017,0
Dominica,DMA,2018,0
Dominica,DMA,2019,0
Dominica,DMA,2020,0
Dominica,DMA,2021,0
Dominica,DMA,2022,0
Dominica,DMA,2023,0
Dominican Republic,DOM,2000,410
Dominican Republic,DOM,2001,330
Dominican Republic,DOM,2002,250
Dominican Republic,DOM,2003,280
Dominican Republic,DOM,2004,260
Dominican Republic,DOM,2005,120
Dominican Republic,DOM,2006,270
Dominican Republic,DOM,2007,250
Dominican Republic,DOM,2008,250
Dominican Republic,DOM,2009,110
Dominican Republic,DOM,2010,240
Dominican Republic,DOM,2011,240
Dominican Republic,DOM,2012,240
Dominican Republic,DOM,2013,290
Dominican Republic,DOM,2014,280
Dominican Republic,DOM,2015,300
Dominican Republic,DOM,2016,280
Dominican Republic,DOM,2017,270
Dominican Republic,DOM,2018,260
Dominican Republic,DOM,2019,240
Dominican Republic,DOM,2020,270
Dominican Republic,DOM,2021,340
Dominican Republic,DOM,2022,320
Dominican Republic,DOM,2023,310
East Timor,TLS,2002,8
East Timor,TLS,2003,9
East Timor,TLS,2004,9
East Timor,TLS,2005,11
East Timor,TLS,2006,16
East Timor,TLS,2007,8
East Timor,TLS,2008,9
East Timor,TLS,2009,13
East Timor,TLS,2010,17
East Timor,TLS,2011,9
East Timor,TLS,2012,11
East Timor,TLS,2013,1
East Timor,TLS,2014,1
East Timor,TLS,2015,20
East Timor,TLS,2016,13
East Timor,TLS,2017,21
East Timor,TLS,2018,27
East Timor,TLS,2019,19
East Timor,TLS,2020,22
East Timor,TLS,2021,13
East Timor,TLS,2022,11
East Timor,TLS,2023,11
East and Southern Africa (UNAIDS),,2000,370000
East and Southern Africa (UNAIDS),,2001,390000
East and Southern Africa (UNAIDS),,2002,360000
East and Southern Africa (UNAIDS),,2003,370000
East and Southern Africa (UNAIDS),,2004,380000
East and Southern Africa (UNAIDS),,2005,410000
East and Southern Africa (UNAIDS),,2006,420000
East and Southern Africa (UNAIDS),,2007,410000
East and Southern Africa (UNAIDS),,2008,400000
East and Southern Africa (UNAIDS),,2009,380000
East and Southern Africa (UNAIDS),,2010,350000
East and Southern Africa (UNAIDS),,2011,270000
East and Southern Africa (UNAIDS),,2012,240000
East and Southern Africa (UNAIDS),,2013,210000
East and Southern Africa (UNAIDS),,2014,200000
East and Southern Africa (UNAIDS),,2015,180000
East and Southern Africa (UNAIDS),,2016,160000
East and Southern Africa (UNAIDS),,2017,140000
East and Southern Africa (UNAIDS),,2018,120000
East and Southern Africa (UNAIDS),,2019,110000
East and Southern Africa (UNAIDS),,2020,100000
East and Southern Africa (UNAIDS),,2021,92000
East and Southern Africa (UNAIDS),,2022,76000
East and Southern Africa (UNAIDS),,2023,80000
Eastern Europe and Central Asia (UNAIDS),,2000,3300
Eastern Europe and Central Asia (UNAIDS),,2001,2900
Eastern Europe and Central Asia (UNAIDS),,2002,2700
Eastern Europe and Central Asia (UNAIDS),,2003,1400
Eastern Europe and Central Asia (UNAIDS),,2004,2100
Eastern Europe and Central Asia (UNAIDS),,2005,3100
Eastern Europe and Central Asia (UNAIDS),,2006,3300
Eastern Europe and Central Asia (UNAIDS),,2007,2400
Eastern Europe and Central Asia (UNAIDS),,2008,2800
Eastern Europe and Central Asia (UNAIDS),,2009,3400
Eastern Europe and Central Asia (UNAIDS),,2010,4200
Eastern Europe and Central Asia (UNAIDS),,2011,3800
Eastern Europe and Central Asia (UNAIDS),,2012,3400
Eastern Europe and Central Asia (UNAIDS),,2013,3500
Eastern Europe and Central Asia (UNAIDS),,2014,4000
Eastern Europe and Central Asia (UNAIDS),,2015,4400
Eastern Europe and Central Asia (UNAIDS),,2016,4700
Eastern Europe and Central Asia (UNAIDS),,2017,4800
Eastern Europe and Central Asia (UNAIDS),,2018,4500
Eastern Europe and Central Asia (UNAIDS),,2019,4300
Eastern Europe and Central Asia (UNAIDS),,2020,6500
Eastern Europe and Central Asia (UNAIDS),,2021,8300
Eastern Europe and Central Asia (UNAIDS),,2022,5900
Eastern Europe and Central Asia (UNAIDS),,2023,6100
Ecuador,ECU,2000,130
Ecuador,ECU,2001,95
Ecuador,ECU,2002,84
Ecuador,ECU,2003,94
Ecuador,ECU,2004,88
Ecuador,ECU,2005,66
Ecuador,ECU,2006,75
Ecuador,ECU,2007,110
Ecuador,ECU,2008,95
Ecuador,ECU,2009,100
Ecuador,ECU,2010,100
Ecuador,ECU,2011,140
Ecuador,ECU,2012,150
Ecuador,ECU,2013,190
Ecuador,ECU,2014,180
Ecuador,ECU,2015,150
Ecuador,ECU,2016,190
Ecuador,ECU,2017,200
Ecuador,ECU,2018,210
Ecuador,ECU,2019,220
Ecuador,ECU,2020,260
Ecuador,ECU,2021,330
Ecuador,ECU,2022,310
Ecuador,ECU,2023,300
Egypt,EGY,2000,16
Egypt,EGY,2001,14
Egypt,EGY,2002,12
Egypt,EGY,2003,11
Egypt,EGY,2004,11
Egypt,EGY,2005,13
Egypt,EGY,2006,17
Egypt,EGY,2007,18
Egypt,EGY,2008,20
Egypt,EGY,2009,18
Egypt,EGY,2010,24
Egypt,EGY,2011,27
Egypt,EGY,2012,32
Egypt,EGY,2013,37
Egypt,EGY,2014,38
Egypt,EGY,2015,38
Egypt,EGY,2016,38
Egypt,EGY,2017,37
Egypt,EGY,2018,37
Egypt,EGY,2019,37
Egypt,EGY,2020,37
Egypt,EGY,2021,37
Egypt,EGY,2022,36
Egypt,EGY,2023,37
El Salvador,SLV,2000,34
El Salvador,SLV,2001,29
El Salvador,SLV,2002,29
El Salvador,SLV,2003,37
El Salvador,SLV,2004,30
El Salvador,SLV,2005,62
El Salvador,SLV,2006,50
El Salvador,SLV,2007,63
El Salvador,SLV,2008,57
El Salvador,SLV,2009,59
El Salvador,SLV,2010,52
El Salvador,SLV,2011,55
El Salvador,SLV,2012,61
El Salvador,SLV,2013,58
El Salvador,SLV,2014,58
El Salvador,SLV,2015,53
El Salvador,SLV,2016,58
El Salvador,SLV,2017,48
El Salvador,SLV,2018,59
El Salvador,SLV,2019,53
El Salvador,SLV,2020,59
El Salvador,SLV,2021,62
El Salvador,SLV,2022,65
El Salvador,SLV,2023,68
Equatorial Guinea,GNQ,2000,290
Equatorial Guinea,GNQ,2001,290
Equatorial Guinea,GNQ,2002,290
Equatorial Guinea,GNQ,2003,300
Equatorial Guinea,GNQ,2004,310
Equatorial Guinea,GNQ,2005,360
Equatorial Guinea,GNQ,2006,420
Equatorial Guinea,GNQ,2007,480
Equatorial Guinea,GNQ,2008,520
Equatorial Guinea,GNQ,2009,530
Equatorial Guinea,GNQ,2010,340
Equatorial Guinea,GNQ,2011,680
Equatorial Guinea,GNQ,2012,760
Equatorial Guinea,GNQ,2013,830
Equatorial Guinea,GNQ,2014,680
Equatorial Guinea,GNQ,2015,930
Equatorial Guinea,GNQ,2016,1100
Equatorial Guinea,GNQ,2017,820
Equatorial Guinea,GNQ,2018,690
Equatorial Guinea,GNQ,2019,730
Equatorial Guinea,GNQ,2020,990
Equatorial Guinea,GNQ,2021,880
Equatorial Guinea,GNQ,2022,750
Equatorial Guinea,GNQ,2023,910
Eritrea,ERI,2000,150
Eritrea,ERI,2001,290
Eritrea,ERI,2002,270
Eritrea,ERI,2003,500
Eritrea,ERI,2004,430
Eritrea,ERI,2005,360
Eritrea,ERI,2006,310
Eritrea,ERI,2007,370
Eritrea,ERI,2008,570
Eritrea,ERI,2009,280
Eritrea,ERI,2010,260
Eritrea,ERI,2011,330
Eritrea,ERI,2012,340
Eritrea,ERI,2013,110
Eritrea,ERI,2014,83
Eritrea,ERI,2015,63
Eritrea,ERI,2016,75
Eritrea,ERI,2017,51
Eritrea,ERI,2018,47
Eritrea,ERI,2019,41
Eritrea,ERI,2020,42
Eritrea,ERI,2021,26
Eritrea,ERI,2022,19
Eritrea,ERI,2023,6
Estonia,EST,2000,9
Estonia,EST,2001,1
Estonia,EST,2002,9
Estonia,EST,2003,19
Estonia,EST,2004,6
Estonia,EST,2005,7
Estonia,EST,2006,9
Estonia,EST,2007,11
Estonia,EST,2008,8
Estonia,EST,2009,8
Estonia,EST,2010,6
Estonia,EST,2011,9
Estonia,EST,2012,9
Estonia,EST,2013,7
Estonia,EST,2014,5
Estonia,EST,2015,5
Estonia,EST,2016,5
Estonia,EST,2017,3
Estonia,EST,2018,3
Estonia,EST,2019,4
Estonia,EST,2020,2
Estonia,EST,2021,4
Estonia,EST,2022,1
Estonia,EST,2023,3
Eswatini,SWZ,2000,2400
Eswatini,SWZ,2001,2600
Eswatini,SWZ,2002,2900
Eswatini,SWZ,2003,3400
Eswatini,SWZ,2004,3600
Eswatini,SWZ,2005,3900
Eswatini,SWZ,2006,4100
Eswatini,SWZ,2007,4600
Eswatini,SWZ,2008,4600
Eswatini,SWZ,2009,5300
Eswatini,SWZ,2010,2400
Eswatini,SWZ,2011,4000
Eswatini,SWZ,2012,3300
Eswatini,SWZ,2013,3000
Eswatini,SWZ,2014,2500
Eswatini,SWZ,2015,1900
Eswatini,SWZ,2016,1500
Eswatini,SWZ,2017,1400
Eswatini,SWZ,2018,1100
Eswatini,SWZ,2019,720
Eswatini,SWZ,2020,700
Eswatini,SWZ,2021,670
Eswatini,SWZ,2022,650
Eswatini,SWZ,2023,660
Ethiopia,ETH,2000,51000
Ethiopia,ETH,2001,43000
Ethiopia,ETH,2002,35000
Ethiopia,ETH,2003,30000
Ethiopia,ETH,2004,26000
Ethiopia,ETH,2005,25000
Ethiopia,ETH,2006,26000
Ethiopia,ETH,2007,24000
Ethiopia,ETH,2008,21000
Ethiopia,ETH,2009,18000
Ethiopia,ETH,2010,16000
Ethiopia,ETH,2011,12000
Ethiopia,ETH,2012,7300
Ethiopia,ETH,2013,8400
Ethiopia,ETH,2014,7400
Ethiopia,ETH,2015,4600
Ethiopia,ETH,2016,4200
Ethiopia,ETH,2017,3800
Ethiopia,ETH,2018,2200
Ethiopia,ETH,2019,2800
Ethiopia,ETH,2020,2800
Ethiopia,ETH,2021,2100
Ethiopia,ETH,2022,1700
Ethiopia,ETH,2023,4400
Europe,,2000,4788
Europe,,2001,4219
Europe,,2002,3876
Europe,,2003,2570
Europe,,2004,2857
Europe,,2005,3837
Europe,,2006,3855
Europe,,2007,2799
Europe,,2008,3027
Europe,,2009,3553
Europe,,2010,4267
Europe,,2011,3707
Europe,,2012,2973
Europe,,2013,3312
Europe,,2014,3814
Europe,,2015,4068
Europe,,2016,4386
Europe,,2017,4404
Europe,,2018,4285
Europe,,2019,4061
Europe,,2020,7144
Europe,,2021,7946
Europe,,2022,5323
Europe,,2023,5617
Fiji,FJI,2000,0
Fiji,FJI,2001,0
Fiji,FJI,2002,0
Fiji,FJI,2003,2
Fiji,FJI,2004,0
Fiji,FJI,2005,0
Fiji,FJI,2006,0
Fiji,FJI,2007,0
Fiji,FJI,2008,0
Fiji,FJI,2009,0
Fiji,FJI,2010,1
Fiji,FJI,2011,1
Fiji,FJI,2012,1
Fiji,FJI,2013,2
Fiji,FJI,2014,4
Fiji,FJI,2015,2
Fiji,FJI,2016,3
Fiji,FJI,2017,3
Fiji,FJI,2018,5
Fiji,FJI,2019,8
Fiji,FJI,2020,8
Fiji,FJI,2021,8
Fiji,FJI,2022,8
Fiji,FJI,2023,8
Finland,FIN,2000,3
Finland,FIN,2001,2
Finland,FIN,2002,2
Finland,FIN,2003,2
Finland,FIN,2004,1
Finland,FIN,2005,1
Finland,FIN,2006,1
Finland,FIN,2007,1
Finland,FIN,2008,1
Finland,FIN,2009,1
Finland,FIN,2010,1
Finland,FIN,2011,1
Finland,FIN,2012,1
Finland,FIN,2013,1
Finland,FIN,2014,1
Finland,FIN,2015,1
Finland,FIN,2016,1
Finland,FIN,2017,1
Finland,FIN,2018,1
Finland,FIN,2019,1
Finland,FIN,2020,1
Finland,FIN,2021,1
Finland,FIN,2022,1
Finland,FIN,2023,1
France,FRA,2000,240
France,FRA,2001,220
France,FRA,2002,200
France,FRA,2003,200
France,FRA,2004,150
France,FRA,2005,130
France,FRA,2006,110
France,FRA,2007,100
France,FRA,2008,100
France,FRA,2009,90
France,FRA,2010,99
France,FRA,2011,87
France,FRA,2012,86
France,FRA,2013,86
France,FRA,2014,66
France,FRA,2015,68
France,FRA,2016,79
France,FRA,2017,69
France,FRA,2018,75
France,FRA,2019,75
France,FRA,2020,75
France,FRA,2021,75
France,FRA,2022,75
France,FRA,2023,77
French Polynesia,PYF,2000,0
French Polynesia,PYF,2001,0
French Polynesia,PYF,2002,0
French Polynesia,PYF,2003,0
French Polynesia,PYF,2004,0
French Polynesia,PYF,2005,0
French Polynesia,PYF,2006,0
French Polynesia,PYF,2007,0
French Polynesia,PYF,2008,0
French Polynesia,PYF,2009,0
French Polynesia,PYF,2010,0
French Polynesia,PYF,2011,0
French Polynesia,PYF,2012,0
French Polynesia,PYF,2013,0
French Polynesia,PYF,2014,0
French Polynesia,PYF,2015,0
French Polynesia,PYF,2016,0
French Polynesia,PYF,2017,0
French Polynesia,PYF,2018,0
French Polynesia,PYF,2019,0
French Polynesia,PYF,2020,0
French Polynesia,PYF,2021,0
French Polynesia,PYF,2022,0
French Polynesia,PYF,2023,0
Gabon,GAB,2000,1600
Gabon,GAB,2001,1600
Gabon,GAB,2002,1800
Gabon,GAB,2003,1900
Gabon,GAB,2004,1500
Gabon,GAB,2005,1000
Gabon,GAB,2006,850
Gabon,GAB,2007,1300
Gabon,GAB,2008,1500
Gabon,GAB,2009,940
Gabon,GAB,2010,910
Gabon,GAB,2011,940
Gabon,GAB,2012,660
Gabon,GAB,2013,470
Gabon,GAB,2014,680
Gabon,GAB,2015,630
Gabon,GAB,2016,590
Gabon,GAB,2017,570
Gabon,GAB,2018,580
Gabon,GAB,2019,580
Gabon,GAB,2020,1700
Gabon,GAB,2021,1700
Gabon,GAB,2022,1500
Gabon,GAB,2023,1500
Gambia,GMB,2000,210
Gambia,GMB,2001,190
Gambia,GMB,2002,180
Gambia,GMB,2003,180
Gambia,GMB,2004,170
Gambia,GMB,2005,220
Gambia,GMB,2006,290
Gambia,GMB,2007,300
Gambia,GMB,2008,270
Gambia,GMB,2009,170
Gambia,GMB,2010,320
Gambia,GMB,2011,280
Gambia,GMB,2012,180
Gambia,GMB,2013,160
Gambia,GMB,2014,210
Gambia,GMB,2015,190
Gambia,GMB,2016,220
Gambia,GMB,2017,230
Gambia,GMB,2018,250
Gambia,GMB,2019,200
Gambia,GMB,2020,230
Gambia,GMB,2021,200
Gambia,GMB,2022,180
Gambia,GMB,2023,140
Georgia,GEO,2000,1
Georgia,GEO,2001,1
Georgia,GEO,2002,4
Georgia,GEO,2003,5
Georgia,GEO,2004,5
Georgia,GEO,2005,5
Georgia,GEO,2006,6
Georgia,GEO,2007,7
Georgia,GEO,2008,8
Georgia,GEO,2009,9
Georgia,GEO,2010,9
Georgia,GEO,2011,9
Georgia,GEO,2012,15
Georgia,GEO,2013,23
Georgia,GEO,2014,22
Georgia,GEO,2015,23
Georgia,GEO,2016,15
Georgia,GEO,2017,14
Georgia,GEO,2018,16
Georgia,GEO,2019,13
Georgia,GEO,2020,17
Georgia,GEO,2021,13
Georgia,GEO,2022,20
Georgia,GEO,2023,17
Germany,DEU,2000,150
Germany,DEU,2001,100
Germany,DEU,2002,95
Germany,DEU,2003,87
Germany,DEU,2004,68
Germany,DEU,2005,53
Germany,DEU,2006,41
Germany,DEU,2007,32
Germany,DEU,2008,27
Germany,DEU,2009,27
Germany,DEU,2010,26
Germany,DEU,2011,25
Germany,DEU,2012,24
Germany,DEU,2013,22
Germany,DEU,2014,22
Germany,DEU,2015,29
Germany,DEU,2016,30
Germany,DEU,2017,28
Germany,DEU,2018,28
Germany,DEU,2019,25
Germany,DEU,2020,25
Germany,DEU,2021,25
Germany,DEU,2022,25
Germany,DEU,2023,25
Ghana,GHA,2000,8600
Ghana,GHA,2001,7600
Ghana,GHA,2002,7200
Ghana,GHA,2003,6900
Ghana,GHA,2004,6900
Ghana,GHA,2005,7200
Ghana,GHA,2006,7600
Ghana,GHA,2007,7800
Ghana,GHA,2008,7500
Ghana,GHA,2009,5800
Ghana,GHA,2010,6800
Ghana,GHA,2011,5800
Ghana,GHA,2012,6100
Ghana,GHA,2013,6000
Ghana,GHA,2014,6200
Ghana,GHA,2015,5700
Ghana,GHA,2016,5900
Ghana,GHA,2017,5500
Ghana,GHA,2018,5000
Ghana,GHA,2019,5200
Ghana,GHA,2020,4800
Ghana,GHA,2021,3700
Ghana,GHA,2022,3200
Ghana,GHA,2023,2300
Greece,GRC,2000,8
Greece,GRC,2001,6
Greece,GRC,2002,6
Greece,GRC,2003,6
Greece,GRC,2004,6
Greece,GRC,2005,5
Greece,GRC,2006,4
Greece,GRC,2007,4
Greece,GRC,2008,4
Greece,GRC,2009,4
Greece,GRC,2010,3
Greece,GRC,2011,3
Greece,GRC,2012,4
Greece,GRC,2013,3
Greece,GRC,2014,3
Greece,GRC,2015,3
Greece,GRC,2016,3
Greece,GRC,2017,3
Greece,GRC,2018,3
Greece,GRC,2019,3
Greece,GRC,2020,3
Greece,GRC,2021,3
Greece,GRC,2022,3
Greece,GRC,2023,3
Greenland,GRL,2000,0
Greenland,GRL,2001,0
Greenland,GRL,2002,0
Greenland,GRL,2003,0
Greenland,GRL,2004,0
Greenland,GRL,2005,0
Greenland,GRL,2006,0
Greenland,GRL,2007,0
Greenland,GRL,2008,0
Greenland,GRL,2009,0
Greenland,GRL,2010,0
Greenland,GRL,2011,0
Greenland,GRL,2012,0
Greenland,GRL,2013,0
Greenland,GRL,2014,0
Greenland,GRL,2015,0
Greenland,GRL,2016,0
Greenland,GRL,2017,0
Greenland,GRL,2018,0
Greenland,GRL,2019,0
Greenland,GRL,2020,0
Greenland,GRL,2021,1
Greenland,GRL,2022,0
Greenland,GRL,2023,0
Grenada,GRD,2000,0
Grenada,GRD,2001,0
Grenada,GRD,2002,0
Grenada,GRD,2003,0
Grenada,GRD,2004,0
Grenada,GRD,2005,0
Grenada,GRD,2006,0
Grenada,GRD,2007,0
Grenada,GRD,2008,0
Grenada,GRD,2009,0
Grenada,GRD,2010,0
Grenada,GRD,2011,0
Grenada,GRD,2012,0
Grenada,GRD,2013,0
Grenada,GRD,2014,0
Grenada,GRD,2015,0
Grenada,GRD,2016,0
Grenada,GRD,2017,0
Grenada,GRD,2018,0
Grenada,GRD,2019,0
Grenada,GRD,2020,0
Grenada,GRD,2021,0
Grenada,GRD,2022,0
Grenada,GRD,2023,0
Guam,GUM,2000,0
Guam,GUM,2001,0
Guam,GUM,2002,0
Guam,GUM,2003,0
Guam,GUM,2004,0
Guam,GUM,2005,0
Guam,GUM,2006,0
Guam,GUM,2007,0
Guam,GUM,2008,1
Guam,GUM,2009,0
Guam,GUM,2010,0
Guam,GUM,2011,0
Guam,GUM,2012,0
Guam,GUM,2013,0
Guam,GUM,2014,0
Guam,GUM,2015,0
Guam,GUM,2016,0
Guam,GUM,2017,0
Guam,GUM,2018,0
Guam,GUM,2019,0
Guam,GUM,2020,0
Guam,GUM,2021,0
Guam,GUM,2022,0
Guam,GUM,2023,0
Guatemala,GTM,2000,71
Guatemala,GTM,2001,51
Guatemala,GTM,2002,54
Guatemala,GTM,2003,46
Guatemala,GTM,2004,56
Guatemala,GTM,2005,67
Guatemala,GTM,2006,68
Guatemala,GTM,2007,170
Guatemala,GTM,2008,180
Guatemala,GTM,2009,110
Guatemala,GTM,2010,110
Guatemala,GTM,2011,110
Guatemala,GTM,2012,90
Guatemala,GTM,2013,93
Guatemala,GTM,2014,78
Guatemala,GTM,2015,59
Guatemala,GTM,2016,74
Guatemala,GTM,2017,71
Guatemala,GTM,2018,69
Guatemala,GTM,2019,120
Guatemala,GTM,2020,140
Guatemala,GTM,2021,180
Guatemala,GTM,2022,160
Guatemala,GTM,2023,160
Guinea,GIN,2000,3000
Guinea,GIN,2001,1800
Guinea,GIN,2002,2300
Guinea,GIN,2003,2100
Guinea,GIN,2004,2000
Guinea,GIN,2005,2200
Guinea,GIN,2006,2100
Guinea,GIN,2007,2000
Guinea,GIN,2008,1900
Guinea,GIN,2009,2100
Guinea,GIN,2010,1200
Guinea,GIN,2011,1600
Guinea,GIN,2012,1700
Guinea,GIN,2013,1700
Guinea,GIN,2014,1800
Guinea,GIN,2015,1800
Guinea,GIN,2016,1800
Guinea,GIN,2017,1700
Guinea,GIN,2018,1700
Guinea,GIN,2019,1400
Guinea,GIN,2020,2100
Guinea,GIN,2021,1100
Guinea,GIN,2022,950
Guinea,GIN,2023,1000
Guinea-Bissau,GNB,2000,810
Guinea-Bissau,GNB,2001,790
Guinea-Bissau,GNB,2002,810
Guinea-Bissau,GNB,2003,860
Guinea-Bissau,GNB,2004,890
Guinea-Bissau,GNB,2005,1000
Guinea-Bissau,GNB,2006,1000
Guinea-Bissau,GNB,2007,1100
Guinea-Bissau,GNB,2008,1200
Guinea-Bissau,GNB,2009,1200
Guinea-Bissau,GNB,2010,1200
Guinea-Bissau,GNB,2011,1300
Guinea-Bissau,GNB,2012,1300
Guinea-Bissau,GNB,2013,1300
Guinea-Bissau,GNB,2014,1200
Guinea-Bissau,GNB,2015,910
Guinea-Bissau,GNB,2016,1100
Guinea-Bissau,GNB,2017,1100
Guinea-Bissau,GNB,2018,1400
Guinea-Bissau,GNB,2019,1200
Guinea-Bissau,GNB,2020,1200
Guinea-Bissau,GNB,2021,1200
Guinea-Bissau,GNB,2022,1100
Guinea-Bissau,GNB,2023,1000
Guyana,GUY,2000,16
Guyana,GUY,2001,16
Guyana,GUY,2002,23
Guyana,GUY,2003,25
Guyana,GUY,2004,26
Guyana,GUY,2005,33
Guyana,GUY,2006,27
Guyana,GUY,2007,57
Guyana,GUY,2008,42
Guyana,GUY,2009,59
Guyana,GUY,2010,58
Guyana,GUY,2011,47
Guyana,GUY,2012,65
Guyana,GUY,2013,49
Guyana,GUY,2014,39
Guyana,GUY,2015,39
Guyana,GUY,2016,40
Guyana,GUY,2017,42
Guyana,GUY,2018,28
Guyana,GUY,2019,28
Guyana,GUY,2020,41
Guyana,GUY,2021,16
Guyana,GUY,2022,12
Guyana,GUY,2023,10
Haiti,HTI,2000,4100
Haiti,HTI,2001,3900
Haiti,HTI,2002,3300
Haiti,HTI,2003,2800
Haiti,HTI,2004,2700
Haiti,HTI,2005,2900
Haiti,HTI,2006,3000
Haiti,HTI,2007,2100
Haiti,HTI,2008,2000
Haiti,HTI,2009,1800
Haiti,HTI,2010,1600
Haiti,HTI,2011,1400
Haiti,HTI,2012,1100
Haiti,HTI,2013,910
Haiti,HTI,2014,980
Haiti,HTI,2015,750
Haiti,HTI,2016,740
Haiti,HTI,2017,780
Haiti,HTI,2018,850
Haiti,HTI,2019,890
Haiti,HTI,2020,950
Haiti,HTI,2021,1000
Haiti,HTI,2022,1100
Haiti,HTI,2023,1100
High-income countries,,2000,3108
High-income countries,,2001,2842
High-income countries,,2002,2658
High-income countries,,2003,2634
High-income countries,,2004,2385
High-income countries,,2005,2233
High-income countries,,2006,2147
High-income countries,,2007,2048
High-income countries,,2008,1949
High-income countries,,2009,2241
High-income countries,,2010,2128
High-income countries,,2011,2329
High-income countries,,2012,2366
High-income countries,,2013,1935
High-income countries,,2014,1869
High-income countries,,2015,1879
High-income countries,,2016,2611
High-income countries,,2017,2480
High-income countries,,2018,2420
High-income countries,,2019,2286
High-income countries,,2020,4273
High-income countries,,2021,4578
High-income countries,,2022,2035
High-income countries,,2023,2048
Honduras,HND,2000,310
Honduras,HND,2001,210
Honduras,HND,2002,160
Honduras,HND,2003,53
Honduras,HND,2004,100
Honduras,HND,2005,97
Honduras,HND,2006,96
Honduras,HND,2007,84
Honduras,HND,2008,83
Honduras,HND,2009,76
Honduras,HND,2010,71
Honduras,HND,2011,95
Honduras,HND,2012,92
Honduras,HND,2013,81
Honduras,HND,2014,77
Honduras,HND,2015,82
Honduras,HND,2016,63
Honduras,HND,2017,51
Honduras,HND,2018,48
Honduras,HND,2019,36
Honduras,HND,2020,41
Honduras,HND,2021,52
Honduras,HND,2022,49
Honduras,HND,2023,49
Hong Kong,HKG,2000,0
Hong Kong,HKG,2001,0
Hong Kong,HKG,2002,0
Hong Kong,HKG,2003,0
Hong Kong,HKG,2004,0
Hong Kong,HKG,2005,10
Hong Kong,HKG,2006,8
Hong Kong,HKG,2007,6
Hong Kong,HKG,2008,5
Hong Kong,HKG,2009,10
Hong Kong,HKG,2010,7
Hong Kong,HKG,2011,7
Hong Kong,HKG,2012,5
Hong Kong,HKG,2013,6
Hong Kong,HKG,2014,6
Hong Kong,HKG,2015,6
Hong Kong,HKG,2016,7
Hong Kong,HKG,2017,8
Hong Kong,HKG,2018,6
Hong Kong,HKG,2019,10
Hong Kong,HKG,2020,10
Hong Kong,HKG,2021,10
Hong Kong,HKG,2022,11
Hong Kong,HKG,2023,12
Hungary,HUN,2000,8
Hungary,HUN,2001,7
Hungary,HUN,2002,6
Hungary,HUN,2003,6
Hungary,HUN,2004,4
Hungary,HUN,2005,3
Hungary,HUN,2006,3
Hungary,HUN,2007,2
Hungary,HUN,2008,2
Hungary,HUN,2009,2
Hungary,HUN,2010,3
Hungary,HUN,2011,2
Hungary,HUN,2012,2
Hungary,HUN,2013,2
Hungary,HUN,2014,1
Hungary,HUN,2015,2
Hungary,HUN,2016,1
Hungary,HUN,2017,1
Hungary,HUN,2018,1
Hungary,HUN,2019,1
Hungary,HUN,2020,1
Hungary,HUN,2021,1
Hungary,HUN,2022,1
Hungary,HUN,2023,1
Iceland,ISL,2000,0
Iceland,ISL,2001,0
Iceland,ISL,2002,0
Iceland,ISL,2003,0
Iceland,ISL,2004,0
Iceland,ISL,2005,0
Iceland,ISL,2006,1
Iceland,ISL,2007,0
Iceland,ISL,2008,0
Iceland,ISL,2009,0
Iceland,ISL,2010,0
Iceland,ISL,2011,0
Iceland,ISL,2012,0
Iceland,ISL,2013,0
Iceland,ISL,2014,0
Iceland,ISL,2015,0
Iceland,ISL,2016,0
Iceland,ISL,2017,0
Iceland,ISL,2018,0
Iceland,ISL,2019,0
Iceland,ISL,2020,0
Iceland,ISL,2021,0
Iceland,ISL,2022,0
Iceland,ISL,2023,0
India,IND,2000,134000
India,IND,2001,89000
India,IND,2002,195000
India,IND,2003,173000
India,IND,2004,155000
India,IND,2005,73000
India,IND,2006,72000
India,IND,2007,131000
India,IND,2008,133000
India,IND,2009,122000
India,IND,2010,112000
India,IND,2011,106000
India,IND,2012,99000
India,IND,2013,51000
India,IND,2014,27000
India,IND,2015,51000
India,IND,2016,12000
India,IND,2017,14000
India,IND,2018,32000
India,IND,2019,18000
India,IND,2020,21000
India,IND,2021,15000
India,IND,2022,11000
India,IND,2023,8200
Indonesia,IDN,2000,390
Indonesia,IDN,2001,590
Indonesia,IDN,2002,890
Indonesia,IDN,2003,1400
Indonesia,IDN,2004,2000
Indonesia,IDN,2005,2800
Indonesia,IDN,2006,5300
Indonesia,IDN,2007,6300
Indonesia,IDN,2008,6000
Indonesia,IDN,2009,7000
Indonesia,IDN,2010,7000
Indonesia,IDN,2011,6700
Indonesia,IDN,2012,6600
Indonesia,IDN,2013,6700
Indonesia,IDN,2014,6600
Indonesia,IDN,2015,5900
Indonesia,IDN,2016,4300
Indonesia,IDN,2017,5300
Indonesia,IDN,2018,5000
Indonesia,IDN,2019,4700
Indonesia,IDN,2020,4800
Indonesia,IDN,2021,6500
Indonesia,IDN,2022,6700
Indonesia,IDN,2023,6200
Iran,IRN,2000,37
Iran,IRN,2001,41
Iran,IRN,2002,46
Iran,IRN,2003,52
Iran,IRN,2004,56
Iran,IRN,2005,61
Iran,IRN,2006,71
Iran,IRN,2007,78
Iran,IRN,2008,82
Iran,IRN,2009,87
Iran,IRN,2010,87
Iran,IRN,2011,90
Iran,IRN,2012,87
Iran,IRN,2013,81
Iran,IRN,2014,67
Iran,IRN,2015,59
Iran,IRN,2016,160
Iran,IRN,2017,110
Iran,IRN,2018,92
Iran,IRN,2019,84
Iran,IRN,2020,84
Iran,IRN,2021,85
Iran,IRN,2022,85
Iran,IRN,2023,87
Iraq,IRQ,2000,0
Iraq,IRQ,2001,0
Iraq,IRQ,2002,0
Iraq,IRQ,2003,0
Iraq,IRQ,2004,0
Iraq,IRQ,2005,0
Iraq,IRQ,2006,0
Iraq,IRQ,2007,0
Iraq,IRQ,2008,0
Iraq,IRQ,2009,0
Iraq,IRQ,2010,0
Iraq,IRQ,2011,1
Iraq,IRQ,2012,1
Iraq,IRQ,2013,0
Iraq,IRQ,2014,0
Iraq,IRQ,2015,0
Iraq,IRQ,2016,0
Iraq,IRQ,2017,0
Iraq,IRQ,2018,0
Iraq,IRQ,2019,4
Iraq,IRQ,2020,5
Iraq,IRQ,2021,5
Iraq,IRQ,2022,5
Iraq,IRQ,2023,0
Ireland,IRL,2000,5
Ireland,IRL,2001,5
Ireland,IRL,2002,5
Ireland,IRL,2003,5
Ireland,IRL,2004,4
Ireland,IRL,2005,4
Ireland,IRL,2006,4
Ireland,IRL,2007,3
Ireland,IRL,2008,3
Ireland,IRL,2009,3
Ireland,IRL,2010,3
Ireland,IRL,2011,3
Ireland,IRL,2012,2
Ireland,IRL,2013,2
Ireland,IRL,2014,2
Ireland,IRL,2015,2
Ireland,IRL,2016,2
Ireland,IRL,2017,2
Ireland,IRL,2018,2
Ireland,IRL,2019,2
Ireland,IRL,2020,2
Ireland,IRL,2021,2
Ireland,IRL,2022,2
Ireland,IRL,2023,2
Israel,ISR,2000,7
Israel,ISR,2001,7
Israel,ISR,2002,6
Israel,ISR,2003,9
Israel,ISR,2004,3
Israel,ISR,2005,4
Israel,ISR,2006,3
Israel,ISR,2007,3
Israel,ISR,2008,3
Israel,ISR,2009,5
Israel,ISR,2010,3
Israel,ISR,2011,5
Israel,ISR,2012,3
Israel,ISR,2013,3
Israel,ISR,2014,5
Israel,ISR,2015,3
Israel,ISR,2016,4
Israel,ISR,2017,3
Israel,ISR,2018,3
Israel,ISR,2019,2
Israel,ISR,2020,2
Israel,ISR,2021,2
Israel,ISR,2022,2
Israel,ISR,2023,2
Italy,ITA,2000,110
Italy,ITA,2001,120
Italy,ITA,2002,100
Italy,ITA,2003,110
Italy,ITA,2004,87
Italy,ITA,2005,73
Italy,ITA,2006,67
Italy,ITA,2007,39
Italy,ITA,2008,56
Italy,ITA,2009,55
Italy,ITA,2010,61
Italy,ITA,2011,44
Italy,ITA,2012,38
Italy,ITA,2013,33
Italy,ITA,2014,35
Italy,ITA,2015,35
Italy,ITA,2016,39
Italy,ITA,2017,41
Italy,ITA,2018,40
Italy,ITA,2019,34
Italy,ITA,2020,34
Italy,ITA,2021,34
Italy,ITA,2022,33
Italy,ITA,2023,34
Jamaica,JAM,2000,10
Jamaica,JAM,2001,8
Jamaica,JAM,2002,7
Jamaica,JAM,2003,13
Jamaica,JAM,2004,9
Jamaica,JAM,2005,9
Jamaica,JAM,2006,8
Jamaica,JAM,2007,6
Jamaica,JAM,2008,5
Jamaica,JAM,2009,12
Jamaica,JAM,2010,8
Jamaica,JAM,2011,5
Jamaica,JAM,2012,6
Jamaica,JAM,2013,4
Jamaica,JAM,2014,6
Jamaica,JAM,2015,6
Jamaica,JAM,2016,6
Jamaica,JAM,2017,7
Jamaica,JAM,2018,3
Jamaica,JAM,2019,3
Jamaica,JAM,2020,2
Jamaica,JAM,2021,3
Jamaica,JAM,2022,2
Jamaica,JAM,2023,2
Japan,JPN,2000,92
Japan,JPN,2001,81
Japan,JPN,2002,72
Japan,JPN,2003,65
Japan,JPN,2004,56
Japan,JPN,2005,45
Japan,JPN,2006,36
Japan,JPN,2007,18
Japan,JPN,2008,24
Japan,JPN,2009,29
Japan,JPN,2010,28
Japan,JPN,2011,26
Japan,JPN,2012,24
Japan,JPN,2013,21
Japan,JPN,2014,20
Japan,JPN,2015,18
Japan,JPN,2016,18
Japan,JPN,2017,18
Japan,JPN,2018,17
Japan,JPN,2019,16
Japan,JPN,2020,16
Japan,JPN,2021,16
Japan,JPN,2022,15
Japan,JPN,2023,16
Jordan,JOR,2000,0
Jordan,JOR,2001,0
Jordan,JOR,2002,0
Jordan,JOR,2003,0
Jordan,JOR,2004,0
Jordan,JOR,2005,0
Jordan,JOR,2006,0
Jordan,JOR,2007,0
Jordan,JOR,2008,0
Jordan,JOR,2009,0
Jordan,JOR,2010,0
Jordan,JOR,2011,0
Jordan,JOR,2012,0
Jordan,JOR,2013,0
Jordan,JOR,2014,0
Jordan,JOR,2015,0
Jordan,JOR,2016,0
Jordan,JOR,2017,0
Jordan,JOR,2018,1
Jordan,JOR,2019,0
Jordan,JOR,2020,0
Jordan,JOR,2021,0
Jordan,JOR,2022,0
Jordan,JOR,2023,0
Kazakhstan,KAZ,2000,5
Kazakhstan,KAZ,2001,16
Kazakhstan,KAZ,2002,22
Kazakhstan,KAZ,2003,44
Kazakhstan,KAZ,2004,54
Kazakhstan,KAZ,2005,16
Kazakhstan,KAZ,2006,16
Kazakhstan,KAZ,2007,21
Kazakhstan,KAZ,2008,31
Kazakhstan,KAZ,2009,23
Kazakhstan,KAZ,2010,30
Kazakhstan,KAZ,2011,36
Kazakhstan,KAZ,2012,74
Kazakhstan,KAZ,2013,45
Kazakhstan,KAZ,2014,72
Kazakhstan,KAZ,2015,38
Kazakhstan,KAZ,2016,92
Kazakhstan,KAZ,2017,45
Kazakhstan,KAZ,2018,68
Kazakhstan,KAZ,2019,69
Kazakhstan,KAZ,2020,130
Kazakhstan,KAZ,2021,110
Kazakhstan,KAZ,2022,120
Kazakhstan,KAZ,2023,280
Kenya,KEN,2000,42000
Kenya,KEN,2001,44000
Kenya,KEN,2002,45000
Kenya,KEN,2003,51000
Kenya,KEN,2004,53000
Kenya,KEN,2005,55000
Kenya,KEN,2006,58000
Kenya,KEN,2007,53000
Kenya,KEN,2008,47000
Kenya,KEN,2009,47000
Kenya,KEN,2010,42000
Kenya,KEN,2011,39000
Kenya,KEN,2012,36000
Kenya,KEN,2013,34000
Kenya,KEN,2014,32000
Kenya,KEN,2015,27000
Kenya,KEN,2016,24000
Kenya,KEN,2017,18000
Kenya,KEN,2018,13000
Kenya,KEN,2019,12000
Kenya,KEN,2020,11000
Kenya,KEN,2021,11000
Kenya,KEN,2022,8900
Kenya,KEN,2023,8000
Kiribati,KIR,2000,0
Kiribati,KIR,2001,0
Kiribati,KIR,2002,0
Kiribati,KIR,2003,0
Kiribati,KIR,2004,0
Kiribati,KIR,2005,0
Kiribati,KIR,2006,0
Kiribati,KIR,2007,0
Kiribati,KIR,2008,0
Kiribati,KIR,2009,1
Kiribati,KIR,2010,1
Kiribati,KIR,2011,0
Kiribati,KIR,2012,0
Kiribati,KIR,2013,0
Kiribati,KIR,2014,0
Kiribati,KIR,2015,0
Kiribati,KIR,2016,0
Kiribati,KIR,2017,0
Kiribati,KIR,2018,0
Kiribati,KIR,2019,0
Kiribati,KIR,2020,0
Kiribati,KIR,2021,0
Kiribati,KIR,2022,0
Kiribati,KIR,2023,0
Kuwait,KWT,2000,1
Kuwait,KWT,2001,0
Kuwait,KWT,2002,1
Kuwait,KWT,2003,1
Kuwait,KWT,2004,0
Kuwait,KWT,2005,1
Kuwait,KWT,2006,0
Kuwait,KWT,2007,0
Kuwait,KWT,2008,1
Kuwait,KWT,2009,1
Kuwait,KWT,2010,1
Kuwait,KWT,2011,1
Kuwait,KWT,2012,1
Kuwait,KWT,2013,0
Kuwait,KWT,2014,0
Kuwait,KWT,2015,0
Kuwait,KWT,2016,1
Kuwait,KWT,2017,1
Kuwait,KWT,2018,1
Kuwait,KWT,2019,1
Kuwait,KWT,2020,1
Kuwait,KWT,2021,1
Kuwait,KWT,2022,1
Kuwait,KWT,2023,1
Kyrgyzstan,KGZ,2000,1
Kyrgyzstan,KGZ,2001,1
Kyrgyzstan,KGZ,2002,3
Kyrgyzstan,KGZ,2003,4
Kyrgyzstan,KGZ,2004,7
Kyrgyzstan,KGZ,2005,10
Kyrgyzstan,KGZ,2006,14
Kyrgyzstan,KGZ,2007,17
Kyrgyzstan,KGZ,2008,26
Kyrgyzstan,KGZ,2009,17
Kyrgyzstan,KGZ,2010,26
Kyrgyzstan,KGZ,2011,29
Kyrgyzstan,KGZ,2012,28
Kyrgyzstan,KGZ,2013,39
Kyrgyzstan,KGZ,2014,41
Kyrgyzstan,KGZ,2015,44
Kyrgyzstan,KGZ,2016,48
Kyrgyzstan,KGZ,2017,50
Kyrgyzstan,KGZ,2018,42
Kyrgyzstan,KGZ,2019,28
Kyrgyzstan,KGZ,2020,78
Kyrgyzstan,KGZ,2021,130
Kyrgyzstan,KGZ,2022,98
Kyrgyzstan,KGZ,2023,100
Laos,LAO,2000,29
Laos,LAO,2001,39
Laos,LAO,2002,52
Laos,LAO,2003,65
Laos,LAO,2004,82
Laos,LAO,2005,91
Laos,LAO,2006,96
Laos,LAO,2007,100
Laos,LAO,2008,110
Laos,LAO,2009,110
Laos,LAO,2010,110
Laos,LAO,2011,130
Laos,LAO,2012,160
Laos,LAO,2013,170
Laos,LAO,2014,190
Laos,LAO,2015,190
Laos,LAO,2016,190
Laos,LAO,2017,300
Laos,LAO,2018,270
Laos,LAO,2019,210
Laos,LAO,2020,170
Laos,LAO,2021,230
Laos,LAO,2022,99
Laos,LAO,2023,76
Latin America (UNAIDS),,2000,4400
Latin America (UNAIDS),,2001,3900
Latin America (UNAIDS),,2002,3500
Latin America (UNAIDS),,2003,3300
Latin America (UNAIDS),,2004,3300
Latin America (UNAIDS),,2005,3400
Latin America (UNAIDS),,2006,3400
Latin America (UNAIDS),,2007,3800
Latin America (UNAIDS),,2008,3900
Latin America (UNAIDS),,2009,3200
Latin America (UNAIDS),,2010,4500
Latin America (UNAIDS),,2011,5000
Latin America (UNAIDS),,2012,5300
Latin America (UNAIDS),,2013,5100
Latin America (UNAIDS),,2014,4900
Latin America (UNAIDS),,2015,4900
Latin America (UNAIDS),,2016,5000
Latin America (UNAIDS),,2017,4800
Latin America (UNAIDS),,2018,4600
Latin America (UNAIDS),,2019,4700
Latin America (UNAIDS),,2020,6000
Latin America (UNAIDS),,2021,8900
Latin America (UNAIDS),,2022,9600
Latin America (UNAIDS),,2023,8500
Latvia,LVA,2000,44
Latvia,LVA,2001,42
Latvia,LVA,2002,36
Latvia,LVA,2003,31
Latvia,LVA,2004,9
Latvia,LVA,2005,13
Latvia,LVA,2006,11
Latvia,LVA,2007,13
Latvia,LVA,2008,17
Latvia,LVA,2009,17
Latvia,LVA,2010,18
Latvia,LVA,2011,17
Latvia,LVA,2012,27
Latvia,LVA,2013,10
Latvia,LVA,2014,30
Latvia,LVA,2015,24
Latvia,LVA,2016,15
Latvia,LVA,2017,12
Latvia,LVA,2018,7
Latvia,LVA,2019,7
Latvia,LVA,2020,7
Latvia,LVA,2021,7
Latvia,LVA,2022,7
Latvia,LVA,2023,7
Lebanon,LBN,2000,1
Lebanon,LBN,2001,1
Lebanon,LBN,2002,0
Lebanon,LBN,2003,0
Lebanon,LBN,2004,0
Lebanon,LBN,2005,0
Lebanon,LBN,2006,0
Lebanon,LBN,2007,1
Lebanon,LBN,2008,1
Lebanon,LBN,2009,1
Lebanon,LBN,2010,1
Lebanon,LBN,2011,1
Lebanon,LBN,2012,1
Lebanon,LBN,2013,1
Lebanon,LBN,2014,3
Lebanon,LBN,2015,1
Lebanon,LBN,2016,1
Lebanon,LBN,2017,1
Lebanon,LBN,2018,1
Lebanon,LBN,2019,1
Lebanon,LBN,2020,1
Lebanon,LBN,2021,1
Lebanon,LBN,2022,0
Lebanon,LBN,2023,1
Lesotho,LSO,2000,4200
Lesotho,LSO,2001,6500
Lesotho,LSO,2002,6000
Lesotho,LSO,2003,5500
Lesotho,LSO,2004,6900
Lesotho,LSO,2005,7700
Lesotho,LSO,2006,7300
Lesotho,LSO,2007,7000
Lesotho,LSO,2008,8300
Lesotho,LSO,2009,8200
Lesotho,LSO,2010,4700
Lesotho,LSO,2011,4200
Lesotho,LSO,2012,6700
Lesotho,LSO,2013,6200
Lesotho,LSO,2014,5400
Lesotho,LSO,2015,5300
Lesotho,LSO,2016,4800
Lesotho,LSO,2017,4400
Lesotho,LSO,2018,4000
Lesotho,LSO,2019,3700
Lesotho,LSO,2020,3700
Lesotho,LSO,2021,4000
Lesotho,LSO,2022,2400
Lesotho,LSO,2023,3700
Liberia,LBR,2000,1800
Liberia,LBR,2001,1700
Liberia,LBR,2002,1200
Liberia,LBR,2003,1400
Liberia,LBR,2004,1000
Liberia,LBR,2005,1400
Liberia,LBR,2006,1300
Liberia,LBR,2007,1500
Liberia,LBR,2008,1500
Liberia,LBR,2009,1400
Liberia,LBR,2010,1300
Liberia,LBR,2011,1200
Liberia,LBR,2012,1200
Liberia,LBR,2013,1400
Liberia,LBR,2014,1800
Liberia,LBR,2015,900
Liberia,LBR,2016,980
Liberia,LBR,2017,920
Liberia,LBR,2018,1100
Liberia,LBR,2019,870
Liberia,LBR,2020,830
Liberia,LBR,2021,850
Liberia,LBR,2022,880
Liberia,LBR,2023,800
Libya,LBY,2000,4
Libya,LBY,2001,3
Libya,LBY,2002,3
Libya,LBY,2003,3
Libya,LBY,2004,7
Libya,LBY,2005,5
Libya,LBY,2006,7
Libya,LBY,2007,8
Libya,LBY,2008,12
Libya,LBY,2009,12
Libya,LBY,2010,20
Libya,LBY,2011,72
Libya,LBY,2012,56
Libya,LBY,2013,37
Libya,LBY,2014,52
Libya,LBY,2015,27
Libya,LBY,2016,26
Libya,LBY,2017,27
Libya,LBY,2018,9
Libya,LBY,2019,17
Libya,LBY,2020,12
Libya,LBY,2021,11
Libya,LBY,2022,19
Libya,LBY,2023,64
Lithuania,LTU,2000,22
Lithuania,LTU,2001,22
Lithuania,LTU,2002,20
Lithuania,LTU,2003,20
Lithuania,LTU,2004,1
Lithuania,LTU,2005,13
Lithuania,LTU,2006,13
Lithuania,LTU,2007,11
Lithuania,LTU,2008,10
Lithuania,LTU,2009,55
Lithuania,LTU,2010,9
Lithuania,LTU,2011,9
Lithuania,LTU,2012,8
Lithuania,LTU,2013,11
Lithuania,LTU,2014,10
Lithuania,LTU,2015,11
Lithuania,LTU,2016,9
Lithuania,LTU,2017,9
Lithuania,LTU,2018,7
Lithuania,LTU,2019,6
Lithuania,LTU,2020,5
Lithuania,LTU,2021,5
Lithuania,LTU,2022,5
Lithuania,LTU,2023,6
Low-income countries,,2000,153780
Low-income countries,,2001,135487
Low-income countries,,2002,119979
Low-income countries,,2003,110210
Low-income countries,,2004,103263
Low-income countries,,2005,106595
Low-income countries,,2006,115246
Low-income countries,,2007,97110
Low-income countries,,2008,96310
Low-income countries,,2009,104552
Low-income countries,,2010,105294
Low-income countries,,2011,95542
Low-income countries,,2012,93665
Low-income countries,,2013,87205
Low-income countries,,2014,82255
Low-income countries,,2015,76100
Low-income countries,,2016,66182
Low-income countries,,2017,52098
Low-income countries,,2018,47384
Low-income countries,,2019,41827
Low-income countries,,2020,39770
Low-income countries,,2021,35137
Low-income countries,,2022,27194
Low-income countries,,2023,30415
Lower-middle-income countries,,2000,386704
Lower-middle-income countries,,2001,328139
Lower-middle-income countries,,2002,430976
Lower-middle-income countries,,2003,405853
Lower-middle-income countries,,2004,390413
Lower-middle-income countries,,2005,325628
Lower-middle-income countries,,2006,337089
Lower-middle-income countries,,2007,385024
Lower-middle-income countries,,2008,388716
Lower-middle-income countries,,2009,359824
Lower-middle-income countries,,2010,327761
Lower-middle-income countries,,2011,323362
Lower-middle-income countries,,2012,311324
Lower-middle-income countries,,2013,247813
Lower-middle-income countries,,2014,218056
Lower-middle-income countries,,2015,221380
Lower-middle-income countries,,2016,165991
Lower-middle-income countries,,2017,154034
Lower-middle-income countries,,2018,149867
Lower-middle-income countries,,2019,119870
Lower-middle-income countries,,2020,111114
Lower-middle-income countries,,2021,92022
Lower-middle-income countries,,2022,77638
Lower-middle-income countries,,2023,69089
Luxembourg,LUX,2000,1
Luxembourg,LUX,2001,1
Luxembourg,LUX,2002,1
Luxembourg,LUX,2003,1
Luxembourg,LUX,2004,0
Luxembourg,LUX,2005,0
Luxembourg,LUX,2006,0
Luxembourg,LUX,2007,0
Luxembourg,LUX,2008,0
Luxembourg,LUX,2009,0
Luxembourg,LUX,2010,0
Luxembourg,LUX,2011,0
Luxembourg,LUX,2012,0
Luxembourg,LUX,2013,0
Luxembourg,LUX,2014,0
Luxembourg,LUX,2015,0
Luxembourg,LUX,2016,0
Luxembourg,LUX,2017,0
Luxembourg,LUX,2018,0
Luxembourg,LUX,2019,0
Luxembourg,LUX,2020,0
Luxembourg,LUX,2021,0
Luxembourg,LUX,2022,0
Luxembourg,LUX,2023,0
Macao,MAC,2000,0
Macao,MAC,2001,0
Macao,MAC,2002,0
Macao,MAC,2003,0
Macao,MAC,2004,0
Macao,MAC,2005,0
Macao,MAC,2006,1
Macao,MAC,2007,1
Macao,MAC,2008,0
Macao,MAC,2009,0
Macao,MAC,2010,1
Macao,MAC,2011,0
Macao,MAC,2012,1
Macao,MAC,2013,1
Macao,MAC,2014,1
Macao,MAC,2015,0
Macao,MAC,2016,1
Macao,MAC,2017,0
Macao,MAC,2018,1
Macao,MAC,2019,0
Macao,MAC,2020,0
Macao,MAC,2021,1
Macao,MAC,2022,0
Macao,MAC,2023,1
Madagascar,MDG,2000,37
Madagascar,MDG,2001,49
Madagascar,MDG,2002,62
Madagascar,MDG,2003,71
Madagascar,MDG,2004,91
Madagascar,MDG,2005,110
Madagascar,MDG,2006,220
Madagascar,MDG,2007,260
Madagascar,MDG,2008,300
Madagascar,MDG,2009,330
Madagascar,MDG,2010,55
Madagascar,MDG,2011,390
Madagascar,MDG,2012,500
Madagascar,MDG,2013,560
Madagascar,MDG,2014,560
Madagascar,MDG,2015,640
Madagascar,MDG,2016,710
Madagascar,MDG,2017,730
Madagascar,MDG,2018,390
Madagascar,MDG,2019,290
Madagascar,MDG,2020,430
Madagascar,MDG,2021,410
Madagascar,MDG,2022,370
Madagascar,MDG,2023,720
Malawi,MWI,2000,13000
Malawi,MWI,2001,13000
Malawi,MWI,2002,13000
Malawi,MWI,2003,12000
Malawi,MWI,2004,13000
Malawi,MWI,2005,14000
Malawi,MWI,2006,16000
Malawi,MWI,2007,16000
Malawi,MWI,2008,15000
Malawi,MWI,2009,15000
Malawi,MWI,2010,18000
Malawi,MWI,2011,14000
Malawi,MWI,2012,12000
Malawi,MWI,2013,11000
Malawi,MWI,2014,9400
Malawi,MWI,2015,7800
Malawi,MWI,2016,6600
Malawi,MWI,2017,5200
Malawi,MWI,2018,5100
Malawi,MWI,2019,4300
Malawi,MWI,2020,4700
Malawi,MWI,2021,4700
Malawi,MWI,2022,3600
Malawi,MWI,2023,3100
Malaysia,MYS,2000,320
Malaysia,MYS,2001,270
Malaysia,MYS,2002,230
Malaysia,MYS,2003,270
Malaysia,MYS,2004,210
Malaysia,MYS,2005,410
Malaysia,MYS,2006,370
Malaysia,MYS,2007,260
Malaysia,MYS,2008,430
Malaysia,MYS,2009,400
Malaysia,MYS,2010,360
Malaysia,MYS,2011,370
Malaysia,MYS,2012,280
Malaysia,MYS,2013,360
Malaysia,MYS,2014,350
Malaysia,MYS,2015,250
Malaysia,MYS,2016,340
Malaysia,MYS,2017,330
Malaysia,MYS,2018,340
Malaysia,MYS,2019,320
Malaysia,MYS,2020,430
Malaysia,MYS,2021,530
Malaysia,MYS,2022,680
Malaysia,MYS,2023,600
Maldives,MDV,2000,0
Maldives,MDV,2001,0
Maldives,MDV,2002,0
Maldives,MDV,2003,0
Maldives,MDV,2004,0
Maldives,MDV,2005,0
Maldives,MDV,2006,0
Maldives,MDV,2007,0
Maldives,MDV,2008,0
Maldives,MDV,2009,0
Maldives,MDV,2010,0
Maldives,MDV,2011,0
Maldives,MDV,2012,0
Maldives,MDV,2013,0
Maldives,MDV,2014,0
Maldives,MDV,2015,0
Maldives,MDV,2016,0
Maldives,MDV,2017,0
Maldives,MDV,2018,0
Maldives,MDV,2019,0
Maldives,MDV,2020,0
Maldives,MDV,2021,0
Maldives,MDV,2022,0
Maldives,MDV,2023,0
Mali,MLI,2000,940
Mali,MLI,2001,810
Mali,MLI,2002,740
Mali,MLI,2003,710
Mali,MLI,2004,700
Mali,MLI,2005,720
Mali,MLI,2006,740
Mali,MLI,2007,580
Mali,MLI,2008,660
Mali,MLI,2009,440
Mali,MLI,2010,610
Mali,MLI,2011,770
Mali,MLI,2012,270
Mali,MLI,2013,740
Mali,MLI,2014,690
Mali,MLI,2015,560
Mali,MLI,2016,530
Mali,MLI,2017,370
Mali,MLI,2018,320
Mali,MLI,2019,320
Mali,MLI,2020,350
Mali,MLI,2021,300
Mali,MLI,2022,280
Mali,MLI,2023,210
Malta,MLT,2000,0
Malta,MLT,2001,0
Malta,MLT,2002,0
Malta,MLT,2003,0
Malta,MLT,2004,0
Malta,MLT,2005,0
Malta,MLT,2006,0
Malta,MLT,2007,0
Malta,MLT,2008,1
Malta,MLT,2009,1
Malta,MLT,2010,1
Malta,MLT,2011,1
Malta,MLT,2012,1
Malta,MLT,2013,0
Malta,MLT,2014,1
Malta,MLT,2015,1
Malta,MLT,2016,1
Malta,MLT,2017,0
Malta,MLT,2018,1
Malta,MLT,2019,1
Malta,MLT,2020,1
Malta,MLT,2021,1
Malta,MLT,2022,1
Malta,MLT,2023,1
Marshall Islands,MHL,2000,0
Marshall Islands,MHL,2001,0
Marshall Islands,MHL,2002,0
Marshall Islands,MHL,2003,0
Marshall Islands,MHL,2004,0
Marshall Islands,MHL,2005,0
Marshall Islands,MHL,2006,0
Marshall Islands,MHL,2007,0
Marshall Islands,MHL,2008,0
Marshall Islands,MHL,2009,1
Marshall Islands,MHL,2010,0
Marshall Islands,MHL,2011,0
Marshall Islands,MHL,2012,0
Marshall Islands,MHL,2013,0
Marshall Islands,MHL,2014,0
Marshall Islands,MHL,2015,0
Marshall Islands,MHL,2016,0
Marshall Islands,MHL,2017,0
Marshall Islands,MHL,2018,0
Marshall Islands,MHL,2019,0
Marshall Islands,MHL,2020,0
Marshall Islands,MHL,2021,0
Marshall Islands,MHL,2022,0
Marshall Islands,MHL,2023,0
Mauritania,MRT,2000,240
Mauritania,MRT,2001,210
Mauritania,MRT,2002,190
Mauritania,MRT,2003,140
Mauritania,MRT,2004,140
Mauritania,MRT,2005,190
Mauritania,MRT,2006,160
Mauritania,MRT,2007,140
Mauritania,MRT,2008,100
Mauritania,MRT,2009,130
Mauritania,MRT,2010,130
Mauritania,MRT,2011,140
Mauritania,MRT,2012,98
Mauritania,MRT,2013,100
Mauritania,MRT,2014,84
Mauritania,MRT,2015,80
Mauritania,MRT,2016,64
Mauritania,MRT,2017,52
Mauritania,MRT,2018,45
Mauritania,MRT,2019,36
Mauritania,MRT,2020,50
Mauritania,MRT,2021,46
Mauritania,MRT,2022,20
Mauritania,MRT,2023,31
Mauritius,MUS,2000,7
Mauritius,MUS,2001,5
Mauritius,MUS,2002,6
Mauritius,MUS,2003,1
Mauritius,MUS,2004,1
Mauritius,MUS,2005,1
Mauritius,MUS,2006,2
Mauritius,MUS,2007,2
Mauritius,MUS,2008,3
Mauritius,MUS,2009,2
Mauritius,MUS,2010,2
Mauritius,MUS,2011,2
Mauritius,MUS,2012,3
Mauritius,MUS,2013,7
Mauritius,MUS,2014,4
Mauritius,MUS,2015,4
Mauritius,MUS,2016,5
Mauritius,MUS,2017,6
Mauritius,MUS,2018,8
Mauritius,MUS,2019,9
Mauritius,MUS,2020,11
Mauritius,MUS,2021,13
Mauritius,MUS,2022,15
Mauritius,MUS,2023,18
Mexico,MEX,2000,340
Mexico,MEX,2001,300
Mexico,MEX,2002,250
Mexico,MEX,2003,260
Mexico,MEX,2004,200
Mexico,MEX,2005,260
Mexico,MEX,2006,270
Mexico,MEX,2007,300
Mexico,MEX,2008,310
Mexico,MEX,2009,270
Mexico,MEX,2010,280
Mexico,MEX,2011,340
Mexico,MEX,2012,470
Mexico,MEX,2013,440
Mexico,MEX,2014,410
Mexico,MEX,2015,690
Mexico,MEX,2016,790
Mexico,MEX,2017,780
Mexico,MEX,2018,630
Mexico,MEX,2019,790
Mexico,MEX,2020,1500
Mexico,MEX,2021,2000
Mexico,MEX,2022,2000
Mexico,MEX,2023,1800
Micronesia (country),FSM,2000,0
Micronesia (country),FSM,2001,0
Micronesia (country),FSM,2002,0
Micronesia (country),FSM,2003,0
Micronesia (country),FSM,2004,0
Micronesia (country),FSM,2005,0
Micronesia (country),FSM,2006,0
Micronesia (country),FSM,2007,0
Micronesia (country),FSM,2008,0
Micronesia (country),FSM,2009,0
Micronesia (country),FSM,2010,0
Micronesia (country),FSM,2011,0
Micronesia (country),FSM,2012,0
Micronesia (country),FSM,2013,0
Micronesia (country),FSM,2014,0
Micronesia (country),FSM,2015,0
Micronesia (country),FSM,2016,0
Micronesia (country),FSM,2017,0
Micronesia (country),FSM,2018,0
Micronesia (country),FSM,2019,0
Micronesia (country),FSM,2020,0
Micronesia (country),FSM,2021,0
Micronesia (country),FSM,2022,0
Micronesia (country),FSM,2023,0
Middle East and North Africa (UNAIDS),,2000,1700
Middle East and North Africa (UNAIDS),,2001,1500
Middle East and North Africa (UNAIDS),,2002,1500
Middle East and North Africa (UNAIDS),,2003,1800
Middle East and North Africa (UNAIDS),,2004,1800
Middle East and North Africa (UNAIDS),,2005,1900
Middle East and North Africa (UNAIDS),,2006,2500
Middle East and North Africa (UNAIDS),,2007,3700
Middle East and North Africa (UNAIDS),,2008,1900
Middle East and North Africa (UNAIDS),,2009,2000
Middle East and North Africa (UNAIDS),,2010,2100
Middle East and North Africa (UNAIDS),,2011,2000
Middle East and North Africa (UNAIDS),,2012,1800
Middle East and North Africa (UNAIDS),,2013,1800
Middle East and North Africa (UNAIDS),,2014,1500
Middle East and North Africa (UNAIDS),,2015,1200
Middle East and North Africa (UNAIDS),,2016,1100
Middle East and North Africa (UNAIDS),,2017,900
Middle East and North Africa (UNAIDS),,2018,830
Middle East and North Africa (UNAIDS),,2019,720
Middle East and North Africa (UNAIDS),,2020,750
Middle East and North Africa (UNAIDS),,2021,720
Middle East and North Africa (UNAIDS),,2022,670
Middle East and North Africa (UNAIDS),,2023,730
Moldova,MDA,2000,46
Moldova,MDA,2001,50
Moldova,MDA,2002,48
Moldova,MDA,2003,54
Moldova,MDA,2004,61
Moldova,MDA,2005,1
Moldova,MDA,2006,75
Moldova,MDA,2007,36
Moldova,MDA,2008,43
Moldova,MDA,2009,43
Moldova,MDA,2010,46
Moldova,MDA,2011,44
Moldova,MDA,2012,50
Moldova,MDA,2013,48
Moldova,MDA,2014,53
Moldova,MDA,2015,52
Moldova,MDA,2016,51
Moldova,MDA,2017,45
Moldova,MDA,2018,42
Moldova,MDA,2019,47
Moldova,MDA,2020,110
Moldova,MDA,2021,150
Moldova,MDA,2022,160
Moldova,MDA,2023,140
Monaco,MCO,2000,0
Monaco,MCO,2001,0
Monaco,MCO,2002,0
Monaco,MCO,2003,0
Monaco,MCO,2004,0
Monaco,MCO,2005,0
Monaco,MCO,2006,0
Monaco,MCO,2007,0
Monaco,MCO,2008,0
Monaco,MCO,2009,0
Monaco,MCO,2010,0
Monaco,MCO,2011,0
Monaco,MCO,2012,0
Monaco,MCO,2013,0
Monaco,MCO,2014,0
Monaco,MCO,2015,0
Monaco,MCO,2016,0
Monaco,MCO,2017,0
Monaco,MCO,2018,0
Monaco,MCO,2019,0
Monaco,MCO,2020,0
Monaco,MCO,2021,0
Monaco,MCO,2022,0
Monaco,MCO,2023,0
Mongolia,MNG,2000,1
Mongolia,MNG,2001,1
Mongolia,MNG,2002,1
Mongolia,MNG,2003,1
Mongolia,MNG,2004,2
Mongolia,MNG,2005,3
Mongolia,MNG,2006,3
Mongolia,MNG,2007,4
Mongolia,MNG,2008,9
Mongolia,MNG,2009,0
Mongolia,MNG,2010,3
Mongolia,MNG,2011,5
Mongolia,MNG,2012,7
Mongolia,MNG,2013,9
Mongolia,MNG,2014,9
Mongolia,MNG,2015,11
Mongolia,MNG,2016,17
Mongolia,MNG,2017,14
Mongolia,MNG,2018,9
Mongolia,MNG,2019,9
Mongolia,MNG,2020,10
Mongolia,MNG,2021,10
Mongolia,MNG,2022,11
Mongolia,MNG,2023,11
Montenegro,MNE,2005,0
Montenegro,MNE,2006,0
Montenegro,MNE,2007,0
Montenegro,MNE,2008,0
Montenegro,MNE,2009,0
Montenegro,MNE,2010,0
Montenegro,MNE,2011,0
Montenegro,MNE,2012,0
Montenegro,MNE,2013,0
Montenegro,MNE,2014,0
Montenegro,MNE,2015,0
Montenegro,MNE,2016,0
Montenegro,MNE,2017,0
Montenegro,MNE,2018,0
Montenegro,MNE,2019,0
Montenegro,MNE,2020,0
Montenegro,MNE,2021,0
Montenegro,MNE,2022,0
Montenegro,MNE,2023,0
Montserrat,MSR,2000,0
Montserrat,MSR,2001,0
Montserrat,MSR,2002,0
Montserrat,MSR,2003,0
Montserrat,MSR,2004,0
Montserrat,MSR,2005,0
Montserrat,MSR,2006,0
Montserrat,MSR,2007,0
Montserrat,MSR,2008,0
Montserrat,MSR,2009,0
Montserrat,MSR,2010,0
Montserrat,MSR,2011,0
Montserrat,MSR,2012,0
Montserrat,MSR,2013,0
Montserrat,MSR,2014,0
Montserrat,MSR,2015,0
Montserrat,MSR,2016,0
Montserrat,MSR,2017,0
Montserrat,MSR,2018,0
Montserrat,MSR,2019,0
Montserrat,MSR,2020,0
Montserrat,MSR,2021,0
Montserrat,MSR,2022,0
Montserrat,MSR,2023,0
Morocco,MAR,2000,77
Morocco,MAR,2001,68
Morocco,MAR,2002,68
Morocco,MAR,2003,62
Morocco,MAR,2004,64
Morocco,MAR,2005,73
Morocco,MAR,2006,82
Morocco,MAR,2007,26
Morocco,MAR,2008,22
Morocco,MAR,2009,22
Morocco,MAR,2010,100
Morocco,MAR,2011,100
Morocco,MAR,2012,33
Morocco,MAR,2013,110
Morocco,MAR,2014,95
Morocco,MAR,2015,93
Morocco,MAR,2016,94
Morocco,MAR,2017,88
Morocco,MAR,2018,79
Morocco,MAR,2019,74
Morocco,MAR,2020,87
Morocco,MAR,2021,84
Morocco,MAR,2022,73
Morocco,MAR,2023,54
Mozambique,MOZ,2000,20000
Mozambique,MOZ,2001,20000
Mozambique,MOZ,2002,19000
Mozambique,MOZ,2003,18000
Mozambique,MOZ,2004,18000
Mozambique,MOZ,2005,19000
Mozambique,MOZ,2006,20000
Mozambique,MOZ,2007,15000
Mozambique,MOZ,2008,20000
Mozambique,MOZ,2009,21000
Mozambique,MOZ,2010,21000
Mozambique,MOZ,2011,22000
Mozambique,MOZ,2012,21000
Mozambique,MOZ,2013,18000
Mozambique,MOZ,2014,17000
Mozambique,MOZ,2015,18000
Mozambique,MOZ,2016,12000
Mozambique,MOZ,2017,7800
Mozambique,MOZ,2018,5900
Mozambique,MOZ,2019,5600
Mozambique,MOZ,2020,5900
Mozambique,MOZ,2021,5700
Mozambique,MOZ,2022,4300
Mozambique,MOZ,2023,3300
Myanmar,MMR,2000,2600
Myanmar,MMR,2001,3000
Myanmar,MMR,2002,3500
Myanmar,MMR,2003,4000
Myanmar,MMR,2004,4500
Myanmar,MMR,2005,4900
Myanmar,MMR,2006,5200
Myanmar,MMR,2007,5300
Myanmar,MMR,2008,5200
Myanmar,MMR,2009,5200
Myanmar,MMR,2010,5400
Myanmar,MMR,2011,9200
Myanmar,MMR,2012,7900
Myanmar,MMR,2013,7200
Myanmar,MMR,2014,8600
Myanmar,MMR,2015,5600
Myanmar,MMR,2016,5300
Myanmar,MMR,2017,4700
Myanmar,MMR,2018,3700
Myanmar,MMR,2019,3100
Myanmar,MMR,2020,2900
Myanmar,MMR,2021,4400
Myanmar,MMR,2022,5900
Myanmar,MMR,2023,5300
Namibia,NAM,2000,4600
Namibia,NAM,2001,4500
Namibia,NAM,2002,5300
Namibia,NAM,2003,5300
Namibia,NAM,2004,5500
Namibia,NAM,2005,5700
Namibia,NAM,2006,5800
Namibia,NAM,2007,5800
Namibia,NAM,2008,4400
Namibia,NAM,2009,2100
Namibia,NAM,2010,2100
Namibia,NAM,2011,3000
Namibia,NAM,2012,2700
Namibia,NAM,2013,2400
Namibia,NAM,2014,2400
Namibia,NAM,2015,1800
Namibia,NAM,2016,1800
Namibia,NAM,2017,1600
Namibia,NAM,2018,1500
Namibia,NAM,2019,1200
Namibia,NAM,2020,1100
Namibia,NAM,2021,1300
Namibia,NAM,2022,1100
Namibia,NAM,2023,1300
Nauru,NRU,2000,0
Nauru,NRU,2001,0
Nauru,NRU,2002,0
Nauru,NRU,2003,0
Nauru,NRU,2004,0
Nauru,NRU,2005,0
Nauru,NRU,2006,0
Nauru,NRU,2007,0
Nauru,NRU,2008,0
Nauru,NRU,2009,0
Nauru,NRU,2010,0
Nauru,NRU,2011,0
Nauru,NRU,2012,0
Nauru,NRU,2013,0
Nauru,NRU,2014,0
Nauru,NRU,2015,0
Nauru,NRU,2016,0
Nauru,NRU,2017,0
Nauru,NRU,2018,0
Nauru,NRU,2019,0
Nauru,NRU,2020,0
Nauru,NRU,2021,0
Nauru,NRU,2022,0
Nauru,NRU,2023,0
Nepal,NPL,2000,210
Nepal,NPL,2001,300
Nepal,NPL,2002,410
Nepal,NPL,2003,530
Nepal,NPL,2004,660
Nepal,NPL,2005,770
Nepal,NPL,2006,860
Nepal,NPL,2007,1100
Nepal,NPL,2008,800
Nepal,NPL,2009,720
Nepal,NPL,2010,700
Nepal,NPL,2011,650
Nepal,NPL,2012,580
Nepal,NPL,2013,530
Nepal,NPL,2014,500
Nepal,NPL,2015,470
Nepal,NPL,2016,370
Nepal,NPL,2017,360
Nepal,NPL,2018,280
Nepal,NPL,2019,220
Nepal,NPL,2020,220
Nepal,NPL,2021,220
Nepal,NPL,2022,220
Nepal,NPL,2023,200
Netherlands,NLD,2000,21
Netherlands,NLD,2001,23
Netherlands,NLD,2002,20
Netherlands,NLD,2003,18
Netherlands,NLD,2004,9
Netherlands,NLD,2005,12
Netherlands,NLD,2006,9
Netherlands,NLD,2007,8
Netherlands,NLD,2008,8
Netherlands,NLD,2009,9
Netherlands,NLD,2010,8
Netherlands,NLD,2011,8
Netherlands,NLD,2012,7
Netherlands,NLD,2013,6
Netherlands,NLD,2014,5
Netherlands,NLD,2015,5
Netherlands,NLD,2016,6
Netherlands,NLD,2017,7
Netherlands,NLD,2018,7
Netherlands,NLD,2019,5
Netherlands,NLD,2020,5
Netherlands,NLD,2021,5
Netherlands,NLD,2022,5
Netherlands,NLD,2023,6
New Caledonia,NCL,2000,0
New Caledonia,NCL,2001,0
New Caledonia,NCL,2002,0
New Caledonia,NCL,2003,0
New Caledonia,NCL,2004,0
New Caledonia,NCL,2005,0
New Caledonia,NCL,2006,0
New Caledonia,NCL,2007,0
New Caledonia,NCL,2008,0
New Caledonia,NCL,2009,0
New Caledonia,NCL,2010,0
New Caledonia,NCL,2011,0
New Caledonia,NCL,2012,0
New Caledonia,NCL,2013,0
New Caledonia,NCL,2014,0
New Caledonia,NCL,2015,0
New Caledonia,NCL,2016,0
New Caledonia,NCL,2017,0
New Caledonia,NCL,2018,0
New Caledonia,NCL,2019,0
New Caledonia,NCL,2020,0
New Caledonia,NCL,2021,0
New Caledonia,NCL,2022,0
New Caledonia,NCL,2023,0
New Zealand,NZL,2000,3
New Zealand,NZL,2001,3
New Zealand,NZL,2002,2
New Zealand,NZL,2003,3
New Zealand,NZL,2004,2
New Zealand,NZL,2005,2
New Zealand,NZL,2006,2
New Zealand,NZL,2007,1
New Zealand,NZL,2008,1
New Zealand,NZL,2009,1
New Zealand,NZL,2010,1
New Zealand,NZL,2011,1
New Zealand,NZL,2012,1
New Zealand,NZL,2013,0
New Zealand,NZL,2014,1
New Zealand,NZL,2015,0
New Zealand,NZL,2016,1
New Zealand,NZL,2017,0
New Zealand,NZL,2018,0
New Zealand,NZL,2019,0
New Zealand,NZL,2020,0
New Zealand,NZL,2021,0
New Zealand,NZL,2022,0
New Zealand,NZL,2023,0
Nicaragua,NIC,2000,25
Nicaragua,NIC,2001,22
Nicaragua,NIC,2002,18
Nicaragua,NIC,2003,19
Nicaragua,NIC,2004,18
Nicaragua,NIC,2005,17
Nicaragua,NIC,2006,19
Nicaragua,NIC,2007,24
Nicaragua,NIC,2008,25
Nicaragua,NIC,2009,25
Nicaragua,NIC,2010,27
Nicaragua,NIC,2011,31
Nicaragua,NIC,2012,33
Nicaragua,NIC,2013,32
Nicaragua,NIC,2014,29
Nicaragua,NIC,2015,36
Nicaragua,NIC,2016,32
Nicaragua,NIC,2017,32
Nicaragua,NIC,2018,33
Nicaragua,NIC,2019,32
Nicaragua,NIC,2020,51
Nicaragua,NIC,2021,65
Nicaragua,NIC,2022,61
Nicaragua,NIC,2023,59
Niger,NER,2000,1600
Niger,NER,2001,1300
Niger,NER,2002,1200
Niger,NER,2003,940
Niger,NER,2004,890
Niger,NER,2005,830
Niger,NER,2006,800
Niger,NER,2007,740
Niger,NER,2008,930
Niger,NER,2009,850
Niger,NER,2010,840
Niger,NER,2011,490
Niger,NER,2012,450
Niger,NER,2013,410
Niger,NER,2014,500
Niger,NER,2015,410
Niger,NER,2016,400
Niger,NER,2017,330
Niger,NER,2018,310
Niger,NER,2019,260
Niger,NER,2020,280
Niger,NER,2021,220
Niger,NER,2022,180
Niger,NER,2023,120
Nigeria,NGA,2000,45000
Nigeria,NGA,2001,39000
Nigeria,NGA,2002,38000
Nigeria,NGA,2003,37000
Nigeria,NGA,2004,36000
Nigeria,NGA,2005,39000
Nigeria,NGA,2006,42000
Nigeria,NGA,2007,44000
Nigeria,NGA,2008,55000
Nigeria,NGA,2009,52000
Nigeria,NGA,2010,53000
Nigeria,NGA,2011,57000
Nigeria,NGA,2012,52000
Nigeria,NGA,2013,51000
Nigeria,NGA,2014,47000
Nigeria,NGA,2015,43000
Nigeria,NGA,2016,39000
Nigeria,NGA,2017,36000
Nigeria,NGA,2018,32000
Nigeria,NGA,2019,28000
Nigeria,NGA,2020,20000
Nigeria,NGA,2021,13000
Nigeria,NGA,2022,10000
Nigeria,NGA,2023,6700
North America,,2000,6273
North America,,2001,5751
North America,,2002,4841
North America,,2003,4206
North America,,2004,4000
North America,,2005,4096
North America,,2006,4267
North America,,2007,3421
North America,,2008,3338
North America,,2009,2812
North America,,2010,2707
North America,,2011,2581
North America,,2012,2377
North America,,2013,2161
North America,,2014,2127
North America,,2015,2194
North America,,2016,2288
North America,,2017,2307
North America,,2018,2194
North America,,2019,2379
North America,,2020,3214
North America,,2021,3906
North America,,2022,3951
North America,,2023,3737
North Macedonia,MKD,2000,0
North Macedonia,MKD,2001,0
North Macedonia,MKD,2002,0
North Macedonia,MKD,2003,0
North Macedonia,MKD,2004,0
North Macedonia,MKD,2005,0
North Macedonia,MKD,2006,0
North Macedonia,MKD,2007,0
North Macedonia,MKD,2008,0
North Macedonia,MKD,2009,0
North Macedonia,MKD,2010,0
North Macedonia,MKD,2011,0
North Macedonia,MKD,2012,0
North Macedonia,MKD,2013,0
North Macedonia,MKD,2014,0
North Macedonia,MKD,2015,0
North Macedonia,MKD,2016,0
North Macedonia,MKD,2017,0
North Macedonia,MKD,2018,0
North Macedonia,MKD,2019,0
North Macedonia,MKD,2020,0
North Macedonia,MKD,2021,0
North Macedonia,MKD,2022,0
North Macedonia,MKD,2023,0
Northern Mariana Islands,MNP,2000,0
Northern Mariana Islands,MNP,2001,0
Northern Mariana Islands,MNP,2002,0
Northern Mariana Islands,MNP,2003,0
Northern Mariana Islands,MNP,2004,0
Northern Mariana Islands,MNP,2005,0
Northern Mariana Islands,MNP,2006,0
Northern Mariana Islands,MNP,2007,0
Northern Mariana Islands,MNP,2008,0
Northern Mariana Islands,MNP,2009,0
Northern Mariana Islands,MNP,2010,0
Northern Mariana Islands,MNP,2011,0
Northern Mariana Islands,MNP,2012,0
Northern Mariana Islands,MNP,2013,0
Northern Mariana Islands,MNP,2014,0
Northern Mariana Islands,MNP,2015,0
Northern Mariana Islands,MNP,2016,0
Northern Mariana Islands,MNP,2017,0
Northern Mariana Islands,MNP,2018,0
Northern Mariana Islands,MNP,2019,0
Northern Mariana Islands,MNP,2020,0
Northern Mariana Islands,MNP,2021,0
Northern Mariana Islands,MNP,2022,0
Northern Mariana Islands,MNP,2023,0
Norway,NOR,2000,2
Norway,NOR,2001,3
Norway,NOR,2002,2
Norway,NOR,2003,3
Norway,NOR,2004,2
Norway,NOR,2005,2
Norway,NOR,2006,2
Norway,NOR,2007,2
Norway,NOR,2008,2
Norway,NOR,2009,2
Norway,NOR,2010,2
Norway,NOR,2011,2
Norway,NOR,2012,2
Norway,NOR,2013,2
Norway,NOR,2014,1
Norway,NOR,2015,1
Norway,NOR,2016,2
Norway,NOR,2017,1
Norway,NOR,2018,1
Norway,NOR,2019,1
Norway,NOR,2020,1
Norway,NOR,2021,1
Norway,NOR,2022,1
Norway,NOR,2023,2
Occupied Palestinian Territory,,2000,0
Occupied Palestinian Territory,,2001,0
Occupied Palestinian Territory,,2002,0
Occupied Palestinian Territory,,2003,0
Occupied Palestinian Territory,,2004,0
Occupied Palestinian Territory,,2005,0
Occupied Palestinian Territory,,2006,0
Occupied Palestinian Territory,,2007,0
Occupied Palestinian Territory,,2008,0
Occupied Palestinian Territory,,2009,0
Occupied Palestinian Territory,,2010,0
Occupied Palestinian Territory,,2011,0
Occupied Palestinian Territory,,2012,0
Occupied Palestinian Territory,,2013,0
Occupied Palestinian Territory,,2014,0
Occupied Palestinian Territory,,2015,0
Occupied Palestinian Territory,,2016,0
Occupied Palestinian Territory,,2017,0
Occupied Palestinian Territory,,2018,0
Occupied Palestinian Territory,,2019,0
Occupied Palestinian Territory,,2020,0
Occupied Palestinian Territory,,2021,0
Occupied Palestinian Territory,,2022,0
Occupied Palestinian Territory,,2023,0
Oceania,,2000,272
Oceania,,2001,260
Oceania,,2002,318
Oceania,,2003,348
Oceania,,2004,405
Oceania,,2005,483
Oceania,,2006,572
Oceania,,2007,569
Oceania,,2008,530
Oceania,,2009,446
Oceania,,2010,721
Oceania,,2011,730
Oceania,,2012,575
Oceania,,2013,529
Oceania,,2014,429
Oceania,,2015,428
Oceania,,2016,399
Oceania,,2017,449
Oceania,,2018,410
Oceania,,2019,353
Oceania,,2020,933
Oceania,,2021,383
Oceania,,2022,563
Oceania,,2023,393
Oman,OMN,2000,5
Oman,OMN,2001,4
Oman,OMN,2002,4
Oman,OMN,2003,3
Oman,OMN,2004,2
Oman,OMN,2005,2
Oman,OMN,2006,2
Oman,OMN,2007,2
Oman,OMN,2008,1
Oman,OMN,2009,0
Oman,OMN,2010,1
Oman,OMN,2011,1
Oman,OMN,2012,2
Oman,OMN,2013,1
Oman,OMN,2014,1
Oman,OMN,2015,1
Oman,OMN,2016,2
Oman,OMN,2017,1
Oman,OMN,2018,1
Oman,OMN,2019,2
Oman,OMN,2020,2
Oman,OMN,2021,2
Oman,OMN,2022,2
Oman,OMN,2023,2
Pakistan,PAK,2000,7
Pakistan,PAK,2001,0
Pakistan,PAK,2002,0
Pakistan,PAK,2003,13
Pakistan,PAK,2004,20
Pakistan,PAK,2005,32
Pakistan,PAK,2006,140
Pakistan,PAK,2007,240
Pakistan,PAK,2008,350
Pakistan,PAK,2009,510
Pakistan,PAK,2010,660
Pakistan,PAK,2011,1000
Pakistan,PAK,2012,1400
Pakistan,PAK,2013,1700
Pakistan,PAK,2014,3800
Pakistan,PAK,2015,1000
Pakistan,PAK,2016,1000
Pakistan,PAK,2017,880
Pakistan,PAK,2018,1300
Pakistan,PAK,2019,2000
Pakistan,PAK,2020,2100
Pakistan,PAK,2021,2100
Pakistan,PAK,2022,1500
Pakistan,PAK,2023,1500
Palau,PLW,2000,0
Palau,PLW,2001,0
Palau,PLW,2002,0
Palau,PLW,2003,0
Palau,PLW,2004,0
Palau,PLW,2005,0
Palau,PLW,2006,0
Palau,PLW,2007,0
Palau,PLW,2008,0
Palau,PLW,2009,0
Palau,PLW,2010,0
Palau,PLW,2011,0
Palau,PLW,2012,0
Palau,PLW,2013,0
Palau,PLW,2014,0
Palau,PLW,2015,0
Palau,PLW,2016,0
Palau,PLW,2017,0
Palau,PLW,2018,0
Palau,PLW,2019,0
Palau,PLW,2020,0
Palau,PLW,2021,0
Palau,PLW,2022,0
Palau,PLW,2023,0
Panama,PAN,2000,46
Panama,PAN,2001,59
Panama,PAN,2002,49
Panama,PAN,2003,47
Panama,PAN,2004,49
Panama,PAN,2005,59
Panama,PAN,2006,67
Panama,PAN,2007,72
Panama,PAN,2008,83
Panama,PAN,2009,60
Panama,PAN,2010,67
Panama,PAN,2011,69
Panama,PAN,2012,64
Panama,PAN,2013,62
Panama,PAN,2014,33
Panama,PAN,2015,67
Panama,PAN,2016,80
Panama,PAN,2017,110
Panama,PAN,2018,90
Panama,PAN,2019,79
Panama,PAN,2020,66
Panama,PAN,2021,57
Panama,PAN,2022,48
Panama,PAN,2023,41
Papua New Guinea,PNG,2000,250
Papua New Guinea,PNG,2001,240
Papua New Guinea,PNG,2002,300
Papua New Guinea,PNG,2003,330
Papua New Guinea,PNG,2004,390
Papua New Guinea,PNG,2005,470
Papua New Guinea,PNG,2006,560
Papua New Guinea,PNG,2007,560
Papua New Guinea,PNG,2008,520
Papua New Guinea,PNG,2009,420
Papua New Guinea,PNG,2010,690
Papua New Guinea,PNG,2011,720
Papua New Guinea,PNG,2012,570
Papua New Guinea,PNG,2013,520
Papua New Guinea,PNG,2014,420
Papua New Guinea,PNG,2015,420
Papua New Guinea,PNG,2016,390
Papua New Guinea,PNG,2017,440
Papua New Guinea,PNG,2018,400
Papua New Guinea,PNG,2019,340
Papua New Guinea,PNG,2020,920
Papua New Guinea,PNG,2021,370
Papua New Guinea,PNG,2022,550
Papua New Guinea,PNG,2023,380
Paraguay,PRY,2000,33
Paraguay,PRY,2001,31
Paraguay,PRY,2002,28
Paraguay,PRY,2003,29
Paraguay,PRY,2004,29
Paraguay,PRY,2005,28
Paraguay,PRY,2006,33
Paraguay,PRY,2007,9
Paraguay,PRY,2008,32
Paraguay,PRY,2009,33
Paraguay,PRY,2010,9
Paraguay,PRY,2011,51
Paraguay,PRY,2012,36
Paraguay,PRY,2013,43
Paraguay,PRY,2014,43
Paraguay,PRY,2015,40
Paraguay,PRY,2016,45
Paraguay,PRY,2017,42
Paraguay,PRY,2018,43
Paraguay,PRY,2019,45
Paraguay,PRY,2020,100
Paraguay,PRY,2021,130
Paraguay,PRY,2022,120
Paraguay,PRY,2023,120
Peru,PER,2000,750
Peru,PER,2001,610
Peru,PER,2002,520
Peru,PER,2003,430
Peru,PER,2004,440
Peru,PER,2005,470
Peru,PER,2006,520
Peru,PER,2007,580
Peru,PER,2008,580
Peru,PER,2009,130
Peru,PER,2010,180
Peru,PER,2011,570
Peru,PER,2012,540
Peru,PER,2013,490
Peru,PER,2014,490
Peru,PER,2015,490
Peru,PER,2016,470
Peru,PER,2017,380
Peru,PER,2018,450
Peru,PER,2019,490
Peru,PER,2020,490
Peru,PER,2021,670
Peru,PER,2022,870
Peru,PER,2023,760
Philippines,PHL,2000,16
Philippines,PHL,2001,20
Philippines,PHL,2002,26
Philippines,PHL,2003,33
Philippines,PHL,2004,41
Philippines,PHL,2005,51
Philippines,PHL,2006,62
Philippines,PHL,2007,68
Philippines,PHL,2008,78
Philippines,PHL,2009,94
Philippines,PHL,2010,120
Philippines,PHL,2011,150
Philippines,PHL,2012,150
Philippines,PHL,2013,180
Philippines,PHL,2014,230
Philippines,PHL,2015,240
Philippines,PHL,2016,280
Philippines,PHL,2017,330
Philippines,PHL,2018,370
Philippines,PHL,2019,430
Philippines,PHL,2020,500
Philippines,PHL,2021,810
Philippines,PHL,2022,800
Philippines,PHL,2023,760
Poland,POL,2000,58
Poland,POL,2001,52
Poland,POL,2002,49
Poland,POL,2003,45
Poland,POL,2004,35
Poland,POL,2005,29
Poland,POL,2006,24
Poland,POL,2007,21
Poland,POL,2008,19
Poland,POL,2009,19
Poland,POL,2010,18
Poland,POL,2011,19
Poland,POL,2012,16
Poland,POL,2013,15
Poland,POL,2014,13
Poland,POL,2015,13
Poland,POL,2016,13
Poland,POL,2017,13
Poland,POL,2018,12
Poland,POL,2019,12
Poland,POL,2020,12
Poland,POL,2021,12
Poland,POL,2022,12
Poland,POL,2023,12
Portugal,PRT,2000,240
Portugal,PRT,2001,230
Portugal,PRT,2002,210
Portugal,PRT,2003,180
Portugal,PRT,2004,190
Portugal,PRT,2005,160
Portugal,PRT,2006,130
Portugal,PRT,2007,110
Portugal,PRT,2008,85
Portugal,PRT,2009,90
Portugal,PRT,2010,65
Portugal,PRT,2011,74
Portugal,PRT,2012,67
Portugal,PRT,2013,60
Portugal,PRT,2014,69
Portugal,PRT,2015,61
Portugal,PRT,2016,52
Portugal,PRT,2017,42
Portugal,PRT,2018,33
Portugal,PRT,2019,36
Portugal,PRT,2020,36
Portugal,PRT,2021,36
Portugal,PRT,2022,36
Portugal,PRT,2023,37
Puerto Rico,PRI,2000,0
Puerto Rico,PRI,2001,0
Puerto Rico,PRI,2002,0
Puerto Rico,PRI,2003,0
Puerto Rico,PRI,2004,9
Puerto Rico,PRI,2005,7
Puerto Rico,PRI,2006,5
Puerto Rico,PRI,2007,5
Puerto Rico,PRI,2008,5
Puerto Rico,PRI,2009,2
Puerto Rico,PRI,2010,3
Puerto Rico,PRI,2011,2
Puerto Rico,PRI,2012,3
Puerto Rico,PRI,2013,2
Puerto Rico,PRI,2014,1
Puerto Rico,PRI,2015,2
Puerto Rico,PRI,2016,2
Puerto Rico,PRI,2017,2
Puerto Rico,PRI,2018,1
Puerto Rico,PRI,2019,1
Puerto Rico,PRI,2020,0
Puerto Rico,PRI,2021,0
Puerto Rico,PRI,2022,0
Puerto Rico,PRI,2023,0
Qatar,QAT,2000,1
Qatar,QAT,2001,1
Qatar,QAT,2002,1
Qatar,QAT,2003,0
Qatar,QAT,2004,0
Qatar,QAT,2005,0
Qatar,QAT,2006,0
Qatar,QAT,2007,0
Qatar,QAT,2008,0
Qatar,QAT,2009,0
Qatar,QAT,2010,0
Qatar,QAT,2011,0
Qatar,QAT,2012,0
Qatar,QAT,2013,0
Qatar,QAT,2014,0
Qatar,QAT,2015,0
Qatar,QAT,2016,0
Qatar,QAT,2017,0
Qatar,QAT,2018,0
Qatar,QAT,2019,0
Qatar,QAT,2020,0
Qatar,QAT,2021,0
Qatar,QAT,2022,0
Qatar,QAT,2023,0
Romania,ROU,2000,100
Romania,ROU,2001,91
Romania,ROU,2002,88
Romania,ROU,2003,86
Romania,ROU,2004,85
Romania,ROU,2005,85
Romania,ROU,2006,88
Romania,ROU,2007,91
Romania,ROU,2008,62
Romania,ROU,2009,92
Romania,ROU,2010,62
Romania,ROU,2011,82
Romania,ROU,2012,79
Romania,ROU,2013,86
Romania,ROU,2014,88
Romania,ROU,2015,76
Romania,ROU,2016,68
Romania,ROU,2017,54
Romania,ROU,2018,58
Romania,ROU,2019,43
Romania,ROU,2020,33
Romania,ROU,2021,160
Romania,ROU,2022,32
Romania,ROU,2023,43
Russia,RUS,2000,200
Russia,RUS,2001,230
Russia,RUS,2002,270
Russia,RUS,2003,310
Russia,RUS,2004,470
Russia,RUS,2005,470
Russia,RUS,2006,620
Russia,RUS,2007,720
Russia,RUS,2008,690
Russia,RUS,2009,950
Russia,RUS,2010,950
Russia,RUS,2011,1200
Russia,RUS,2012,1300
Russia,RUS,2013,1000
Russia,RUS,2014,1000
Russia,RUS,2015,1000
Russia,RUS,2016,1700
Russia,RUS,2017,1600
Russia,RUS,2018,1600
Russia,RUS,2019,1500
Russia,RUS,2020,3500
Russia,RUS,2021,3700
Russia,RUS,2022,1300
Russia,RUS,2023,1300
Rwanda,RWA,2000,860
Rwanda,RWA,2001,680
Rwanda,RWA,2002,690
Rwanda,RWA,2003,750
Rwanda,RWA,2004,710
Rwanda,RWA,2005,960
Rwanda,RWA,2006,940
Rwanda,RWA,2007,830
Rwanda,RWA,2008,730
Rwanda,RWA,2009,700
Rwanda,RWA,2010,620
Rwanda,RWA,2011,500
Rwanda,RWA,2012,470
Rwanda,RWA,2013,380
Rwanda,RWA,2014,390
Rwanda,RWA,2015,400
Rwanda,RWA,2016,330
Rwanda,RWA,2017,320
Rwanda,RWA,2018,310
Rwanda,RWA,2019,320
Rwanda,RWA,2020,390
Rwanda,RWA,2021,360
Rwanda,RWA,2022,150
Rwanda,RWA,2023,100
Saint Kitts and Nevis,KNA,2000,0
Saint Kitts and Nevis,KNA,2001,0
Saint Kitts and Nevis,KNA,2002,0
Saint Kitts and Nevis,KNA,2003,0
Saint Kitts and Nevis,KNA,2004,0
Saint Kitts and Nevis,KNA,2005,0
Saint Kitts and Nevis,KNA,2006,0
Saint Kitts and Nevis,KNA,2007,0
Saint Kitts and Nevis,KNA,2008,0
Saint Kitts and Nevis,KNA,2009,0
Saint Kitts and Nevis,KNA,2010,0
Saint Kitts and Nevis,KNA,2011,0
Saint Kitts and Nevis,KNA,2012,0
Saint Kitts and Nevis,KNA,2013,0
Saint Kitts and Nevis,KNA,2014,0
Saint Kitts and Nevis,KNA,2015,0
Saint Kitts and Nevis,KNA,2016,0
Saint Kitts and Nevis,KNA,2017,0
Saint Kitts and Nevis,KNA,2018,0
Saint Kitts and Nevis,KNA,2019,0
Saint Kitts and Nevis,KNA,2020,0
Saint Kitts and Nevis,KNA,2021,0
Saint Kitts and Nevis,KNA,2022,0
Saint Kitts and Nevis,KNA,2023,0
Saint Lucia,LCA,2000,0
Saint Lucia,LCA,2001,0
Saint Lucia,LCA,2002,0
Saint Lucia,LCA,2003,0
Saint Lucia,LCA,2004,0
Saint Lucia,LCA,2005,0
Saint Lucia,LCA,2006,0
Saint Lucia,LCA,2007,0
Saint Lucia,LCA,2008,1
Saint Lucia,LCA,2009,1
Saint Lucia,LCA,2010,0
Saint Lucia,LCA,2011,0
Saint Lucia,LCA,2012,0
Saint Lucia,LCA,2013,0
Saint Lucia,LCA,2014,0
Saint Lucia,LCA,2015,0
Saint Lucia,LCA,2016,0
Saint Lucia,LCA,2017,0
Saint Lucia,LCA,2018,0
Saint Lucia,LCA,2019,0
Saint Lucia,LCA,2020,0
Saint Lucia,LCA,2021,0
Saint Lucia,LCA,2022,0
Saint Lucia,LCA,2023,0
Saint Vincent and the Grenadines,VCT,2000,0
Saint Vincent and the Grenadines,VCT,2001,0
Saint Vincent and the Grenadines,VCT,2002,0
Saint Vincent and the Grenadines,VCT,2003,0
Saint Vincent and the Grenadines,VCT,2004,0
Saint Vincent and the Grenadines,VCT,2005,0
Saint Vincent and the Grenadines,VCT,2006,1
Saint Vincent and the Grenadines,VCT,2007,1
Saint Vincent and the Grenadines,VCT,2008,1
Saint Vincent and the Grenadines,VCT,2009,1
Saint Vincent and the Grenadines,VCT,2010,0
Saint Vincent and the Grenadines,VCT,2011,1
Saint Vincent and the Grenadines,VCT,2012,0
Saint Vincent and the Grenadines,VCT,2013,0
Saint Vincent and the Grenadines,VCT,2014,0
Saint Vincent and the Grenadines,VCT,2015,0
Saint Vincent and the Grenadines,VCT,2016,0
Saint Vincent and the Grenadines,VCT,2017,0
Saint Vincent and the Grenadines,VCT,2018,0
Saint Vincent and the Grenadines,VCT,2019,0
Saint Vincent and the Grenadines,VCT,2020,0
Saint Vincent and the Grenadines,VCT,2021,0
Saint Vincent and the Grenadines,VCT,2022,0
Saint Vincent and the Grenadines,VCT,2023,0
Samoa,WSM,2000,0
Samoa,WSM,2001,0
Samoa,WSM,2002,0
Samoa,WSM,2003,0
Samoa,WSM,2004,0
Samoa,WSM,2005,0
Samoa,WSM,2006,0
Samoa,WSM,2007,0
Samoa,WSM,2008,0
Samoa,WSM,2009,0
Samoa,WSM,2010,0
Samoa,WSM,2011,0
Samoa,WSM,2012,0
Samoa,WSM,2013,0
Samoa,WSM,2014,0
Samoa,WSM,2015,0
Samoa,WSM,2016,0
Samoa,WSM,2017,0
Samoa,WSM,2018,0
Samoa,WSM,2019,0
Samoa,WSM,2020,0
Samoa,WSM,2021,0
Samoa,WSM,2022,0
Samoa,WSM,2023,0
San Marino,SMR,2000,0
San Marino,SMR,2001,0
San Marino,SMR,2002,0
San Marino,SMR,2003,0
San Marino,SMR,2004,0
San Marino,SMR,2005,0
San Marino,SMR,2006,0
San Marino,SMR,2007,0
San Marino,SMR,2008,0
San Marino,SMR,2009,0
San Marino,SMR,2010,0
San Marino,SMR,2011,0
San Marino,SMR,2012,0
San Marino,SMR,2013,0
San Marino,SMR,2014,0
San Marino,SMR,2015,0
San Marino,SMR,2016,0
San Marino,SMR,2017,0
San Marino,SMR,2018,0
San Marino,SMR,2019,0
San Marino,SMR,2020,0
San Marino,SMR,2021,0
San Marino,SMR,2022,0
San Marino,SMR,2023,0
Sao Tome and Principe,STP,2000,0
Sao Tome and Principe,STP,2001,0
Sao Tome and Principe,STP,2002,0
Sao Tome and Principe,STP,2003,2
Sao Tome and Principe,STP,2004,0
Sao Tome and Principe,STP,2005,3
Sao Tome and Principe,STP,2006,0
Sao Tome and Principe,STP,2007,6
Sao Tome and Principe,STP,2008,4
Sao Tome and Principe,STP,2009,7
Sao Tome and Principe,STP,2010,9
Sao Tome and Principe,STP,2011,9
Sao Tome and Principe,STP,2012,11
Sao Tome and Principe,STP,2013,20
Sao Tome and Principe,STP,2014,18
Sao Tome and Principe,STP,2015,16
Sao Tome and Principe,STP,2016,8
Sao Tome and Principe,STP,2017,7
Sao Tome and Principe,STP,2018,5
Sao Tome and Principe,STP,2019,5
Sao Tome and Principe,STP,2020,9
Sao Tome and Principe,STP,2021,21
Sao Tome and Principe,STP,2022,12
Sao Tome and Principe,STP,2023,19
Saudi Arabia,SAU,2000,10
Saudi Arabia,SAU,2001,9
Saudi Arabia,SAU,2002,9
Saudi Arabia,SAU,2003,8
Saudi Arabia,SAU,2004,8
Saudi Arabia,SAU,2005,7
Saudi Arabia,SAU,2006,7
Saudi Arabia,SAU,2007,7
Saudi Arabia,SAU,2008,8
Saudi Arabia,SAU,2009,8
Saudi Arabia,SAU,2010,20
Saudi Arabia,SAU,2011,16
Saudi Arabia,SAU,2012,16
Saudi Arabia,SAU,2013,7
Saudi Arabia,SAU,2014,7
Saudi Arabia,SAU,2015,7
Saudi Arabia,SAU,2016,13
Saudi Arabia,SAU,2017,21
Saudi Arabia,SAU,2018,8
Saudi Arabia,SAU,2019,13
Saudi Arabia,SAU,2020,13
Saudi Arabia,SAU,2021,13
Saudi Arabia,SAU,2022,13
Saudi Arabia,SAU,2023,10
Senegal,SEN,2000,710
Senegal,SEN,2001,650
Senegal,SEN,2002,620
Senegal,SEN,2003,540
Senegal,SEN,2004,570
Senegal,SEN,2005,570
Senegal,SEN,2006,590
Senegal,SEN,2007,620
Senegal,SEN,2008,570
Senegal,SEN,2009,560
Senegal,SEN,2010,510
Senegal,SEN,2011,550
Senegal,SEN,2012,420
Senegal,SEN,2013,350
Senegal,SEN,2014,310
Senegal,SEN,2015,310
Senegal,SEN,2016,310
Senegal,SEN,2017,300
Senegal,SEN,2018,240
Senegal,SEN,2019,260
Senegal,SEN,2020,290
Senegal,SEN,2021,230
Senegal,SEN,2022,210
Senegal,SEN,2023,160
Serbia,SRB,2005,1
Serbia,SRB,2006,1
Serbia,SRB,2007,1
Serbia,SRB,2008,1
Serbia,SRB,2009,1
Serbia,SRB,2010,1
Serbia,SRB,2011,1
Serbia,SRB,2012,1
Serbia,SRB,2013,1
Serbia,SRB,2014,1
Serbia,SRB,2015,1
Serbia,SRB,2016,1
Serbia,SRB,2017,1
Serbia,SRB,2018,1
Serbia,SRB,2019,1
Serbia,SRB,2020,1
Serbia,SRB,2021,2
Serbia,SRB,2022,0
Serbia,SRB,2023,0
Seychelles,SYC,2000,0
Seychelles,SYC,2001,0
Seychelles,SYC,2002,0
Seychelles,SYC,2003,0
Seychelles,SYC,2004,0
Seychelles,SYC,2005,0
Seychelles,SYC,2006,0
Seychelles,SYC,2007,0
Seychelles,SYC,2008,0
Seychelles,SYC,2009,2
Seychelles,SYC,2010,0
Seychelles,SYC,2011,1
Seychelles,SYC,2012,1
Seychelles,SYC,2013,0
Seychelles,SYC,2014,0
Seychelles,SYC,2015,0
Seychelles,SYC,2016,0
Seychelles,SYC,2017,0
Seychelles,SYC,2018,0
Seychelles,SYC,2019,0
Seychelles,SYC,2020,0
Seychelles,SYC,2021,0
Seychelles,SYC,2022,0
Seychelles,SYC,2023,0
Sierra Leone,SLE,2000,2100
Sierra Leone,SLE,2001,2000
Sierra Leone,SLE,2002,2000
Sierra Leone,SLE,2003,2000
Sierra Leone,SLE,2004,2000
Sierra Leone,SLE,2005,1000
Sierra Leone,SLE,2006,2100
Sierra Leone,SLE,2007,900
Sierra Leone,SLE,2008,840
Sierra Leone,SLE,2009,870
Sierra Leone,SLE,2010,700
Sierra Leone,SLE,2011,650
Sierra Leone,SLE,2012,840
Sierra Leone,SLE,2013,1100
Sierra Leone,SLE,2014,980
Sierra Leone,SLE,2015,1200
Sierra Leone,SLE,2016,1000
Sierra Leone,SLE,2017,780
Sierra Leone,SLE,2018,720
Sierra Leone,SLE,2019,700
Sierra Leone,SLE,2020,1100
Sierra Leone,SLE,2021,1000
Sierra Leone,SLE,2022,780
Sierra Leone,SLE,2023,470
Singapore,SGP,2000,33
Singapore,SGP,2001,28
Singapore,SGP,2002,26
Singapore,SGP,2003,25
Singapore,SGP,2004,21
Singapore,SGP,2005,17
Singapore,SGP,2006,14
Singapore,SGP,2007,12
Singapore,SGP,2008,13
Singapore,SGP,2009,15
Singapore,SGP,2010,14
Singapore,SGP,2011,16
Singapore,SGP,2012,11
Singapore,SGP,2013,13
Singapore,SGP,2014,12
Singapore,SGP,2015,8
Singapore,SGP,2016,8
Singapore,SGP,2017,7
Singapore,SGP,2018,6
Singapore,SGP,2019,9
Singapore,SGP,2020,9
Singapore,SGP,2021,9
Singapore,SGP,2022,9
Singapore,SGP,2023,8
Slovakia,SVK,2000,1
Slovakia,SVK,2001,1
Slovakia,SVK,2002,1
Slovakia,SVK,2003,1
Slovakia,SVK,2004,0
Slovakia,SVK,2005,0
Slovakia,SVK,2006,0
Slovakia,SVK,2007,0
Slovakia,SVK,2008,0
Slovakia,SVK,2009,0
Slovakia,SVK,2010,0
Slovakia,SVK,2011,0
Slovakia,SVK,2012,0
Slovakia,SVK,2013,0
Slovakia,SVK,2014,0
Slovakia,SVK,2015,0
Slovakia,SVK,2016,0
Slovakia,SVK,2017,0
Slovakia,SVK,2018,0
Slovakia,SVK,2019,1
Slovakia,SVK,2020,1
Slovakia,SVK,2021,1
Slovakia,SVK,2022,1
Slovakia,SVK,2023,1
Slovenia,SVN,2000,1
Slovenia,SVN,2001,1
Slovenia,SVN,2002,1
Slovenia,SVN,2003,1
Slovenia,SVN,2004,1
Slovenia,SVN,2005,1
Slovenia,SVN,2006,0
Slovenia,SVN,2007,0
Slovenia,SVN,2008,0
Slovenia,SVN,2009,0
Slovenia,SVN,2010,0
Slovenia,SVN,2011,0
Slovenia,SVN,2012,0
Slovenia,SVN,2013,0
Slovenia,SVN,2014,0
Slovenia,SVN,2015,0
Slovenia,SVN,2016,0
Slovenia,SVN,2017,0
Slovenia,SVN,2018,0
Slovenia,SVN,2019,0
Slovenia,SVN,2020,0
Slovenia,SVN,2021,0
Slovenia,SVN,2022,0
Slovenia,SVN,2023,0
Solomon Islands,SLB,2000,0
Solomon Islands,SLB,2001,0
Solomon Islands,SLB,2002,0
Solomon Islands,SLB,2003,0
Solomon Islands,SLB,2004,0
Solomon Islands,SLB,2005,0
Solomon Islands,SLB,2006,0
Solomon Islands,SLB,2007,0
Solomon Islands,SLB,2008,0
Solomon Islands,SLB,2009,0
Solomon Islands,SLB,2010,0
Solomon Islands,SLB,2011,0
Solomon Islands,SLB,2012,0
Solomon Islands,SLB,2013,0
Solomon Islands,SLB,2014,0
Solomon Islands,SLB,2015,0
Solomon Islands,SLB,2016,0
Solomon Islands,SLB,2017,0
Solomon Islands,SLB,2018,0
Solomon Islands,SLB,2019,0
Solomon Islands,SLB,2020,0
Solomon Islands,SLB,2021,0
Solomon Islands,SLB,2022,0
Solomon Islands,SLB,2023,0
Somalia,SOM,2000,390
Somalia,SOM,2001,370
Somalia,SOM,2002,420
Somalia,SOM,2003,740
Somalia,SOM,2004,680
Somalia,SOM,2005,710
Somalia,SOM,2006,820
Somalia,SOM,2007,900
Somalia,SOM,2008,850
Somalia,SOM,2009,860
Somalia,SOM,2010,610
Somalia,SOM,2011,750
Somalia,SOM,2012,610
Somalia,SOM,2013,650
Somalia,SOM,2014,570
Somalia,SOM,2015,330
Somalia,SOM,2016,310
Somalia,SOM,2017,200
Somalia,SOM,2018,230
Somalia,SOM,2019,180
Somalia,SOM,2020,160
Somalia,SOM,2021,190
Somalia,SOM,2022,160
Somalia,SOM,2023,130
South Africa,ZAF,2000,121000
South Africa,ZAF,2001,150000
South Africa,ZAF,2002,141000
South Africa,ZAF,2003,159000
South Africa,ZAF,2004,160000
South Africa,ZAF,2005,181000
South Africa,ZAF,2006,176000
South Africa,ZAF,2007,177000
South Africa,ZAF,2008,166000
South Africa,ZAF,2009,161000
South Africa,ZAF,2010,88000
South Africa,ZAF,2011,88000
South Africa,ZAF,2012,63000
South Africa,ZAF,2013,53000
South Africa,ZAF,2014,48000
South Africa,ZAF,2015,45000
South Africa,ZAF,2016,43000
South Africa,ZAF,2017,39000
South Africa,ZAF,2018,38000
South Africa,ZAF,2019,36000
South Africa,ZAF,2020,34000
South Africa,ZAF,2021,33000
South Africa,ZAF,2022,31000
South Africa,ZAF,2023,31000
South America,,2000,3614
South America,,2001,3272
South America,,2002,3030
South America,,2003,2908
South America,,2004,2863
South America,,2005,2798
South America,,2006,2811
South America,,2007,3057
South America,,2008,3152
South America,,2009,2655
South America,,2010,3914
South America,,2011,4358
South America,,2012,4482
South America,,2013,4358
South America,,2014,4174
South America,,2015,3940
South America,,2016,3938
South America,,2017,3795
South America,,2018,3727
South America,,2019,3664
South America,,2020,4836
South America,,2021,5116
South America,,2022,7213
South America,,2023,6281
South Korea,KOR,2000,16
South Korea,KOR,2001,16
South Korea,KOR,2002,33
South Korea,KOR,2003,38
South Korea,KOR,2004,70
South Korea,KOR,2005,72
South Korea,KOR,2006,58
South Korea,KOR,2007,48
South Korea,KOR,2008,45
South Korea,KOR,2009,48
South Korea,KOR,2010,51
South Korea,KOR,2011,52
South Korea,KOR,2012,48
South Korea,KOR,2013,43
South Korea,KOR,2014,41
South Korea,KOR,2015,40
South Korea,KOR,2016,41
South Korea,KOR,2017,40
South Korea,KOR,2018,39
South Korea,KOR,2019,37
South Korea,KOR,2020,37
South Korea,KOR,2021,37
South Korea,KOR,2022,37
South Korea,KOR,2023,30
South Sudan,SSD,2011,1900
South Sudan,SSD,2012,4500
South Sudan,SSD,2013,2200
South Sudan,SSD,2014,1700
South Sudan,SSD,2015,1500
South Sudan,SSD,2016,1400
South Sudan,SSD,2017,1400
South Sudan,SSD,2018,1000
South Sudan,SSD,2019,870
South Sudan,SSD,2020,890
South Sudan,SSD,2021,910
South Sudan,SSD,2022,670
South Sudan,SSD,2023,420
Spain,ESP,2000,400
Spain,ESP,2001,310
Spain,ESP,2002,300
Spain,ESP,2003,370
Spain,ESP,2004,200
Spain,ESP,2005,200
Spain,ESP,2006,180
Spain,ESP,2007,140
Spain,ESP,2008,140
Spain,ESP,2009,130
Spain,ESP,2010,130
Spain,ESP,2011,120
Spain,ESP,2012,100
Spain,ESP,2013,72
Spain,ESP,2014,72
Spain,ESP,2015,54
Spain,ESP,2016,65
Spain,ESP,2017,61
Spain,ESP,2018,64
Spain,ESP,2019,58
Spain,ESP,2020,58
Spain,ESP,2021,58
Spain,ESP,2022,59
Spain,ESP,2023,59
Sri Lanka,LKA,2000,21
Sri Lanka,LKA,2001,22
Sri Lanka,LKA,2002,17
Sri Lanka,LKA,2003,16
Sri Lanka,LKA,2004,19
Sri Lanka,LKA,2005,19
Sri Lanka,LKA,2006,8
Sri Lanka,LKA,2007,8
Sri Lanka,LKA,2008,24
Sri Lanka,LKA,2009,24
Sri Lanka,LKA,2010,37
Sri Lanka,LKA,2011,22
Sri Lanka,LKA,2012,26
Sri Lanka,LKA,2013,24
Sri Lanka,LKA,2014,12
Sri Lanka,LKA,2015,14
Sri Lanka,LKA,2016,7
Sri Lanka,LKA,2017,18
Sri Lanka,LKA,2018,20
Sri Lanka,LKA,2019,23
Sri Lanka,LKA,2020,23
Sri Lanka,LKA,2021,23
Sri Lanka,LKA,2022,23
Sri Lanka,LKA,2023,25
Sudan,SDN,2000,600
Sudan,SDN,2001,530
Sudan,SDN,2002,530
Sudan,SDN,2003,540
Sudan,SDN,2004,590
Sudan,SDN,2005,670
Sudan,SDN,2006,1200
Sudan,SDN,2007,2500
Sudan,SDN,2008,680
Sudan,SDN,2009,730
Sudan,SDN,2010,770
Sudan,SDN,2011,540
Sudan,SDN,2012,590
Sudan,SDN,2013,560
Sudan,SDN,2014,490
Sudan,SDN,2015,440
Sudan,SDN,2016,330
Sudan,SDN,2017,270
Sudan,SDN,2018,230
Sudan,SDN,2019,190
Sudan,SDN,2020,210
Sudan,SDN,2021,180
Sudan,SDN,2022,160
Sudan,SDN,2023,230
Suriname,SUR,2000,6
Suriname,SUR,2001,4
Suriname,SUR,2002,5
Suriname,SUR,2003,8
Suriname,SUR,2004,7
Suriname,SUR,2005,6
Suriname,SUR,2006,8
Suriname,SUR,2007,8
Suriname,SUR,2008,9
Suriname,SUR,2009,16
Suriname,SUR,2010,19
Suriname,SUR,2011,12
Suriname,SUR,2012,11
Suriname,SUR,2013,9
Suriname,SUR,2014,12
Suriname,SUR,2015,13
Suriname,SUR,2016,8
Suriname,SUR,2017,7
Suriname,SUR,2018,8
Suriname,SUR,2019,11
Suriname,SUR,2020,14
Suriname,SUR,2021,17
Suriname,SUR,2022,16
Suriname,SUR,2023,16
Sweden,SWE,2000,3
Sweden,SWE,2001,3
Sweden,SWE,2002,3
Sweden,SWE,2003,3
Sweden,SWE,2004,3
Sweden,SWE,2005,3
Sweden,SWE,2006,2
Sweden,SWE,2007,2
Sweden,SWE,2008,2
Sweden,SWE,2009,2
Sweden,SWE,2010,3
Sweden,SWE,2011,2
Sweden,SWE,2012,3
Sweden,SWE,2013,2
Sweden,SWE,2014,3
Sweden,SWE,2015,3
Sweden,SWE,2016,3
Sweden,SWE,2017,2
Sweden,SWE,2018,2
Sweden,SWE,2019,2
Sweden,SWE,2020,2
Sweden,SWE,2021,2
Sweden,SWE,2022,2
Sweden,SWE,2023,2
Switzerland,CHE,2000,21
Switzerland,CHE,2001,19
Switzerland,CHE,2002,19
Switzerland,CHE,2003,16
Switzerland,CHE,2004,14
Switzerland,CHE,2005,11
Switzerland,CHE,2006,9
Switzerland,CHE,2007,6
Switzerland,CHE,2008,7
Switzerland,CHE,2009,7
Switzerland,CHE,2010,7
Switzerland,CHE,2011,7
Switzerland,CHE,2012,5
Switzerland,CHE,2013,5
Switzerland,CHE,2014,4
Switzerland,CHE,2015,5
Switzerland,CHE,2016,6
Switzerland,CHE,2017,5
Switzerland,CHE,2018,5
Switzerland,CHE,2019,4
Switzerland,CHE,2020,4
Switzerland,CHE,2021,4
Switzerland,CHE,2022,4
Switzerland,CHE,2023,4
Syria,SYR,2000,1
Syria,SYR,2001,1
Syria,SYR,2002,1
Syria,SYR,2003,1
Syria,SYR,2004,1
Syria,SYR,2005,1
Syria,SYR,2006,1
Syria,SYR,2007,1
Syria,SYR,2008,1
Syria,SYR,2009,1
Syria,SYR,2010,1
Syria,SYR,2011,1
Syria,SYR,2012,1
Syria,SYR,2013,1
Syria,SYR,2014,1
Syria,SYR,2015,1
Syria,SYR,2016,1
Syria,SYR,2017,1
Syria,SYR,2018,1
Syria,SYR,2019,1
Syria,SYR,2020,1
Syria,SYR,2021,1
Syria,SYR,2022,1
Syria,SYR,2023,1
Tajikistan,TJK,2000,0
Tajikistan,TJK,2001,0
Tajikistan,TJK,2002,1
Tajikistan,TJK,2003,2
Tajikistan,TJK,2004,4
Tajikistan,TJK,2005,7
Tajikistan,TJK,2006,11
Tajikistan,TJK,2007,16
Tajikistan,TJK,2008,22
Tajikistan,TJK,2009,16
Tajikistan,TJK,2010,19
Tajikistan,TJK,2011,39
Tajikistan,TJK,2012,27
Tajikistan,TJK,2013,48
Tajikistan,TJK,2014,50
Tajikistan,TJK,2015,44
Tajikistan,TJK,2016,52
Tajikistan,TJK,2017,63
Tajikistan,TJK,2018,77
Tajikistan,TJK,2019,57
Tajikistan,TJK,2020,72
Tajikistan,TJK,2021,100
Tajikistan,TJK,2022,100
Tajikistan,TJK,2023,100
Tanzania,TZA,2000,54000
Tanzania,TZA,2001,49000
Tanzania,TZA,2002,49000
Tanzania,TZA,2003,48000
Tanzania,TZA,2004,49000
Tanzania,TZA,2005,53000
Tanzania,TZA,2006,57000
Tanzania,TZA,2007,55000
Tanzania,TZA,2008,54000
Tanzania,TZA,2009,52000
Tanzania,TZA,2010,41000
Tanzania,TZA,2011,39000
Tanzania,TZA,2012,37000
Tanzania,TZA,2013,31000
Tanzania,TZA,2014,30000
Tanzania,TZA,2015,29000
Tanzania,TZA,2016,25000
Tanzania,TZA,2017,21000
Tanzania,TZA,2018,17000
Tanzania,TZA,2019,12000
Tanzania,TZA,2020,10000
Tanzania,TZA,2021,7800
Tanzania,TZA,2022,5100
Tanzania,TZA,2023,5400
Thailand,THA,2000,28000
Thailand,THA,2001,23000
Thailand,THA,2002,20000
Thailand,THA,2003,18000
Thailand,THA,2004,16000
Thailand,THA,2005,16000
Thailand,THA,2006,12000
Thailand,THA,2007,12000
Thailand,THA,2008,11000
Thailand,THA,2009,9200
Thailand,THA,2010,7800
Thailand,THA,2011,7000
Thailand,THA,2012,6700
Thailand,THA,2013,7000
Thailand,THA,2014,5700
Thailand,THA,2015,5700
Thailand,THA,2016,4100
Thailand,THA,2017,3100
Thailand,THA,2018,2400
Thailand,THA,2019,2000
Thailand,THA,2020,1700
Thailand,THA,2021,1700
Thailand,THA,2022,2100
Thailand,THA,2023,2000
Togo,TGO,2000,430
Togo,TGO,2001,400
Togo,TGO,2002,400
Togo,TGO,2003,430
Togo,TGO,2004,440
Togo,TGO,2005,480
Togo,TGO,2006,510
Togo,TGO,2007,710
Togo,TGO,2008,540
Togo,TGO,2009,430
Togo,TGO,2010,480
Togo,TGO,2011,470
Togo,TGO,2012,390
Togo,TGO,2013,340
Togo,TGO,2014,310
Togo,TGO,2015,240
Togo,TGO,2016,160
Togo,TGO,2017,120
Togo,TGO,2018,100
Togo,TGO,2019,81
Togo,TGO,2020,120
Togo,TGO,2021,76
Togo,TGO,2022,34
Togo,TGO,2023,36
Tokelau,TKL,2000,0
Tokelau,TKL,2001,0
Tokelau,TKL,2002,0
Tokelau,TKL,2003,0
Tokelau,TKL,2004,0
Tokelau,TKL,2005,0
Tokelau,TKL,2006,0
Tokelau,TKL,2007,0
Tokelau,TKL,2008,0
Tokelau,TKL,2009,0
Tokelau,TKL,2010,0
Tokelau,TKL,2011,0
Tokelau,TKL,2012,0
Tokelau,TKL,2013,0
Tokelau,TKL,2014,0
Tokelau,TKL,2015,0
Tokelau,TKL,2016,0
Tokelau,TKL,2017,0
Tokelau,TKL,2018,0
Tokelau,TKL,2019,0
Tokelau,TKL,2020,0
Tokelau,TKL,2021,0
Tokelau,TKL,2022,0
Tokelau,TKL,2023,0
Tonga,TON,2000,0
Tonga,TON,2001,0
Tonga,TON,2002,0
Tonga,TON,2003,0
Tonga,TON,2004,0
Tonga,TON,2005,0
Tonga,TON,2006,0
Tonga,TON,2007,0
Tonga,TON,2008,0
Tonga,TON,2009,0
Tonga,TON,2010,0
Tonga,TON,2011,0
Tonga,TON,2012,0
Tonga,TON,2013,0
Tonga,TON,2014,0
Tonga,TON,2015,0
Tonga,TON,2016,0
Tonga,TON,2017,0
Tonga,TON,2018,0
Tonga,TON,2019,0
Tonga,TON,2020,0
Tonga,TON,2021,0
Tonga,TON,2022,0
Tonga,TON,2023,0
Trinidad and Tobago,TTO,2000,18
Trinidad and Tobago,TTO,2001,19
Trinidad and Tobago,TTO,2002,12
Trinidad and Tobago,TTO,2003,13
Trinidad and Tobago,TTO,2004,14
Trinidad and Tobago,TTO,2005,12
Trinidad and Tobago,TTO,2006,3
Trinidad and Tobago,TTO,2007,14
Trinidad and Tobago,TTO,2008,14
Trinidad and Tobago,TTO,2009,18
Trinidad and Tobago,TTO,2010,11
Trinidad and Tobago,TTO,2011,16
Trinidad and Tobago,TTO,2012,16
Trinidad and Tobago,TTO,2013,12
Trinidad and Tobago,TTO,2014,14
Trinidad and Tobago,TTO,2015,7
Trinidad and Tobago,TTO,2016,10
Trinidad and Tobago,TTO,2017,5
Trinidad and Tobago,TTO,2018,9
Trinidad and Tobago,TTO,2019,8
Trinidad and Tobago,TTO,2020,10
Trinidad and Tobago,TTO,2021,12
Trinidad and Tobago,TTO,2022,15
Trinidad and Tobago,TTO,2023,18
Tunisia,TUN,2000,1
Tunisia,TUN,2001,1
Tunisia,TUN,2002,1
Tunisia,TUN,2003,1
Tunisia,TUN,2004,2
Tunisia,TUN,2005,2
Tunisia,TUN,2006,3
Tunisia,TUN,2007,4
Tunisia,TUN,2008,5
Tunisia,TUN,2009,5
Tunisia,TUN,2010,6
Tunisia,TUN,2011,9
Tunisia,TUN,2012,11
Tunisia,TUN,2013,11
Tunisia,TUN,2014,4
Tunisia,TUN,2015,5
Tunisia,TUN,2016,10
Tunisia,TUN,2017,4
Tunisia,TUN,2018,8
Tunisia,TUN,2019,12
Tunisia,TUN,2020,12
Tunisia,TUN,2021,12
Tunisia,TUN,2022,12
Tunisia,TUN,2023,12
Turkey,TUR,2000,3
Turkey,TUR,2001,3
Turkey,TUR,2002,3
Turkey,TUR,2003,3
Turkey,TUR,2004,4
Turkey,TUR,2005,6
Turkey,TUR,2006,7
Turkey,TUR,2007,8
Turkey,TUR,2008,9
Turkey,TUR,2009,11
Turkey,TUR,2010,13
Turkey,TUR,2011,14
Turkey,TUR,2012,15
Turkey,TUR,2013,10
Turkey,TUR,2014,13
Turkey,TUR,2015,18
Turkey,TUR,2016,17
Turkey,TUR,2017,19
Turkey,TUR,2018,20
Turkey,TUR,2019,27
Turkey,TUR,2020,32
Turkey,TUR,2021,83
Turkey,TUR,2022,47
Turkey,TUR,2023,57
Turkmenistan,TKM,2000,47
Turkmenistan,TKM,2001,48
Turkmenistan,TKM,2002,51
Turkmenistan,TKM,2003,74
Turkmenistan,TKM,2004,72
Turkmenistan,TKM,2005,86
Turkmenistan,TKM,2006,110
Turkmenistan,TKM,2007,140
Turkmenistan,TKM,2008,170
Turkmenistan,TKM,2009,160
Turkmenistan,TKM,2010,180
Turkmenistan,TKM,2011,160
Turkmenistan,TKM,2012,190
Turkmenistan,TKM,2013,200
Turkmenistan,TKM,2014,170
Turkmenistan,TKM,2015,140
Turkmenistan,TKM,2016,140
Turkmenistan,TKM,2017,130
Turkmenistan,TKM,2018,140
Turkmenistan,TKM,2019,140
Turkmenistan,TKM,2020,140
Turkmenistan,TKM,2021,140
Turkmenistan,TKM,2022,150
Turkmenistan,TKM,2023,170
Turks and Caicos Islands,TCA,2000,0
Turks and Caicos Islands,TCA,2001,0
Turks and Caicos Islands,TCA,2002,0
Turks and Caicos Islands,TCA,2003,0
Turks and Caicos Islands,TCA,2004,0
Turks and Caicos Islands,TCA,2005,0
Turks and Caicos Islands,TCA,2006,0
Turks and Caicos Islands,TCA,2007,0
Turks and Caicos Islands,TCA,2008,0
Turks and Caicos Islands,TCA,2009,0
Turks and Caicos Islands,TCA,2010,0
Turks and Caicos Islands,TCA,2011,0
Turks and Caicos Islands,TCA,2012,0
Turks and Caicos Islands,TCA,2013,0
Turks and Caicos Islands,TCA,2014,0
Turks and Caicos Islands,TCA,2015,0
Turks and Caicos Islands,TCA,2016,0
Turks and Caicos Islands,TCA,2017,0
Turks and Caicos Islands,TCA,2018,0
Turks and Caicos Islands,TCA,2019,0
Turks and Caicos Islands,TCA,2020,0
Turks and Caicos Islands,TCA,2021,0
Turks and Caicos Islands,TCA,2022,0
Turks and Caicos Islands,TCA,2023,0
Tuvalu,TUV,2000,0
Tuvalu,TUV,2001,0
Tuvalu,TUV,2002,0
Tuvalu,TUV,2003,0
Tuvalu,TUV,2004,0
Tuvalu,TUV,2005,0
Tuvalu,TUV,2006,0
Tuvalu,TUV,2007,0
Tuvalu,TUV,2008,0
Tuvalu,TUV,2009,0
Tuvalu,TUV,2010,0
Tuvalu,TUV,2011,0
Tuvalu,TUV,2012,0
Tuvalu,TUV,2013,0
Tuvalu,TUV,2014,0
Tuvalu,TUV,2015,0
Tuvalu,TUV,2016,0
Tuvalu,TUV,2017,0
Tuvalu,TUV,2018,0
Tuvalu,TUV,2019,0
Tuvalu,TUV,2020,0
Tuvalu,TUV,2021,0
Tuvalu,TUV,2022,0
Tuvalu,TUV,2023,0
Uganda,UGA,2000,19000
Uganda,UGA,2001,14000
Uganda,UGA,2002,12000
Uganda,UGA,2003,11000
Uganda,UGA,2004,10000
Uganda,UGA,2005,11000
Uganda,UGA,2006,12000
Uganda,UGA,2007,12000
Uganda,UGA,2008,13000
Uganda,UGA,2009,13000
Uganda,UGA,2010,13000
Uganda,UGA,2011,11000
Uganda,UGA,2012,12000
Uganda,UGA,2013,11000
Uganda,UGA,2014,12000
Uganda,UGA,2015,12000
Uganda,UGA,2016,13000
Uganda,UGA,2017,12000
Uganda,UGA,2018,10000
Uganda,UGA,2019,8200
Uganda,UGA,2020,8900
Uganda,UGA,2021,6200
Uganda,UGA,2022,2800
Uganda,UGA,2023,5700
Ukraine,UKR,2000,2900
Ukraine,UKR,2001,2500
Ukraine,UKR,2002,2200
Ukraine,UKR,2003,820
Ukraine,UKR,2004,1300
Ukraine,UKR,2005,2400
Ukraine,UKR,2006,2300
Ukraine,UKR,2007,1300
Ukraine,UKR,2008,1600
Ukraine,UKR,2009,1800
Ukraine,UKR,2010,2600
Ukraine,UKR,2011,1800
Ukraine,UKR,2012,1000
Ukraine,UKR,2013,1700
Ukraine,UKR,2014,2200
Ukraine,UKR,2015,2500
Ukraine,UKR,2016,2100
Ukraine,UKR,2017,2300
Ukraine,UKR,2018,2200
Ukraine,UKR,2019,2100
Ukraine,UKR,2020,3100
Ukraine,UKR,2021,3500
Ukraine,UKR,2022,3400
Ukraine,UKR,2023,3700
United Arab Emirates,ARE,2000,1
United Arab Emirates,ARE,2001,0
United Arab Emirates,ARE,2002,0
United Arab Emirates,ARE,2003,0
United Arab Emirates,ARE,2004,0
United Arab Emirates,ARE,2005,0
United Arab Emirates,ARE,2006,0
United Arab Emirates,ARE,2007,0
United Arab Emirates,ARE,2008,0
United Arab Emirates,ARE,2009,0
United Arab Emirates,ARE,2010,1
United Arab Emirates,ARE,2011,1
United Arab Emirates,ARE,2012,1
United Arab Emirates,ARE,2013,1
United Arab Emirates,ARE,2014,1
United Arab Emirates,ARE,2015,0
United Arab Emirates,ARE,2016,1
United Arab Emirates,ARE,2017,1
United Arab Emirates,ARE,2018,0
United Arab Emirates,ARE,2019,0
United Arab Emirates,ARE,2020,0
United Arab Emirates,ARE,2021,0
United Arab Emirates,ARE,2022,0
United Arab Emirates,ARE,2023,0
United Kingdom,GBR,2000,130
United Kingdom,GBR,2001,120
United Kingdom,GBR,2002,130
United Kingdom,GBR,2003,120
United Kingdom,GBR,2004,100
United Kingdom,GBR,2005,100
United Kingdom,GBR,2006,87
United Kingdom,GBR,2007,71
United Kingdom,GBR,2008,69
United Kingdom,GBR,2009,66
United Kingdom,GBR,2010,64
United Kingdom,GBR,2011,65
United Kingdom,GBR,2012,61
United Kingdom,GBR,2013,52
United Kingdom,GBR,2014,42
United Kingdom,GBR,2015,36
United Kingdom,GBR,2016,36
United Kingdom,GBR,2017,28
United Kingdom,GBR,2018,25
United Kingdom,GBR,2019,31
United Kingdom,GBR,2020,31
United Kingdom,GBR,2021,31
United Kingdom,GBR,2022,31
United Kingdom,GBR,2023,32
United States,USA,2000,840
United States,USA,2001,760
United States,USA,2002,660
United States,USA,2003,590
United States,USA,2004,510
United States,USA,2005,430
United States,USA,2006,360
United States,USA,2007,290
United States,USA,2008,270
United States,USA,2009,240
United States,USA,2010,200
United States,USA,2011,170
United States,USA,2012,150
United States,USA,2013,130
United States,USA,2014,110
United States,USA,2015,100
United States,USA,2016,100
United States,USA,2017,97
United States,USA,2018,92
United States,USA,2019,84
United States,USA,2020,84
United States,USA,2021,85
United States,USA,2022,85
United States,USA,2023,86
Upper-middle-income countries,,2000,173727
Upper-middle-income countries,,2001,195379
Upper-middle-income countries,,2002,182152
Upper-middle-income countries,,2003,195656
Upper-middle-income countries,,2004,193013
Upper-middle-income countries,,2005,214326
Upper-middle-income countries,,2006,208371
Upper-middle-income countries,,2007,209340
Upper-middle-income countries,,2008,197113
Upper-middle-income countries,,2009,189990
Upper-middle-income countries,,2010,117585
Upper-middle-income countries,,2011,116477
Upper-middle-income countries,,2012,89874
Upper-middle-income countries,,2013,80437
Upper-middle-income countries,,2014,74130
Upper-middle-income countries,,2015,70708
Upper-middle-income countries,,2016,65012
Upper-middle-income countries,,2017,59784
Upper-middle-income countries,,2018,57227
Upper-middle-income countries,,2019,55079
Upper-middle-income countries,,2020,57280
Upper-middle-income countries,,2021,59357
Upper-middle-income countries,,2022,59674
Upper-middle-income countries,,2023,58492
Uruguay,URY,2000,20
Uruguay,URY,2001,21
Uruguay,URY,2002,15
Uruguay,URY,2003,17
Uruguay,URY,2004,24
Uruguay,URY,2005,17
Uruguay,URY,2006,17
Uruguay,URY,2007,19
Uruguay,URY,2008,21
Uruguay,URY,2009,24
Uruguay,URY,2010,24
Uruguay,URY,2011,24
Uruguay,URY,2012,27
Uruguay,URY,2013,26
Uruguay,URY,2014,29
Uruguay,URY,2015,29
Uruguay,URY,2016,28
Uruguay,URY,2017,30
Uruguay,URY,2018,34
Uruguay,URY,2019,30
Uruguay,URY,2020,31
Uruguay,URY,2021,31
Uruguay,URY,2022,31
Uruguay,URY,2023,30
Uzbekistan,UZB,2000,24
Uzbekistan,UZB,2001,21
Uzbekistan,UZB,2002,22
Uzbekistan,UZB,2003,26
Uzbekistan,UZB,2004,45
Uzbekistan,UZB,2005,41
Uzbekistan,UZB,2006,50
Uzbekistan,UZB,2007,110
Uzbekistan,UZB,2008,130
Uzbekistan,UZB,2009,140
Uzbekistan,UZB,2010,210
Uzbekistan,UZB,2011,360
Uzbekistan,UZB,2012,500
Uzbekistan,UZB,2013,250
Uzbekistan,UZB,2014,240
Uzbekistan,UZB,2015,510
Uzbekistan,UZB,2016,310
Uzbekistan,UZB,2017,370
Uzbekistan,UZB,2018,290
Uzbekistan,UZB,2019,240
Uzbekistan,UZB,2020,250
Uzbekistan,UZB,2021,250
Uzbekistan,UZB,2022,340
Uzbekistan,UZB,2023,110
Vanuatu,VUT,2000,0
Vanuatu,VUT,2001,0
Vanuatu,VUT,2002,0
Vanuatu,VUT,2003,0
Vanuatu,VUT,2004,0
Vanuatu,VUT,2005,0
Vanuatu,VUT,2006,0
Vanuatu,VUT,2007,0
Vanuatu,VUT,2008,0
Vanuatu,VUT,2009,15
Vanuatu,VUT,2010,20
Vanuatu,VUT,2011,0
Vanuatu,VUT,2012,0
Vanuatu,VUT,2013,0
Vanuatu,VUT,2014,0
Vanuatu,VUT,2015,0
Vanuatu,VUT,2016,0
Vanuatu,VUT,2017,0
Vanuatu,VUT,2018,0
Vanuatu,VUT,2019,0
Vanuatu,VUT,2020,0
Vanuatu,VUT,2021,0
Vanuatu,VUT,2022,0
Vanuatu,VUT,2023,0
Venezuela,VEN,2000,400
Venezuela,VEN,2001,390
Venezuela,VEN,2002,380
Venezuela,VEN,2003,390
Venezuela,VEN,2004,370
Venezuela,VEN,2005,330
Venezuela,VEN,2006,280
Venezuela,VEN,2007,240
Venezuela,VEN,2008,210
Venezuela,VEN,2009,190
Venezuela,VEN,2010,170
Venezuela,VEN,2011,230
Venezuela,VEN,2012,220
Venezuela,VEN,2013,210
Venezuela,VEN,2014,190
Venezuela,VEN,2015,220
Venezuela,VEN,2016,270
Venezuela,VEN,2017,260
Venezuela,VEN,2018,260
Venezuela,VEN,2019,230
Venezuela,VEN,2020,300
Venezuela,VEN,2021,370
Venezuela,VEN,2022,350
Venezuela,VEN,2023,340
Vietnam,VNM,2000,3100
Vietnam,VNM,2001,3000
Vietnam,VNM,2002,5900
Vietnam,VNM,2003,6100
Vietnam,VNM,2004,6100
Vietnam,VNM,2005,6800
Vietnam,VNM,2006,7300
Vietnam,VNM,2007,4400
Vietnam,VNM,2008,3600
Vietnam,VNM,2009,3900
Vietnam,VNM,2010,3600
Vietnam,VNM,2011,3500
Vietnam,VNM,2012,5600
Vietnam,VNM,2013,4900
Vietnam,VNM,2014,4000
Vietnam,VNM,2015,3100
Vietnam,VNM,2016,2300
Vietnam,VNM,2017,2400
Vietnam,VNM,2018,2200
Vietnam,VNM,2019,1900
Vietnam,VNM,2020,1800
Vietnam,VNM,2021,2200
Vietnam,VNM,2022,2600
Vietnam,VNM,2023,2400
Wallis and Futuna,WLF,2000,0
Wallis and Futuna,WLF,2001,0
Wallis and Futuna,WLF,2002,0
Wallis and Futuna,WLF,2003,0
Wallis and Futuna,WLF,2004,0
Wallis and Futuna,WLF,2005,0
Wallis and Futuna,WLF,2006,0
Wallis and Futuna,WLF,2007,0
Wallis and Futuna,WLF,2008,0
Wallis and Futuna,WLF,2009,0
Wallis and Futuna,WLF,2010,0
Wallis and Futuna,WLF,2011,0
Wallis and Futuna,WLF,2012,0
Wallis and Futuna,WLF,2013,0
Wallis and Futuna,WLF,2014,0
Wallis and Futuna,WLF,2015,0
Wallis and Futuna,WLF,2016,0
Wallis and Futuna,WLF,2017,0
Wallis and Futuna,WLF,2018,0
Wallis and Futuna,WLF,2019,0
Wallis and Futuna,WLF,2020,0
Wallis and Futuna,WLF,2021,0
Wallis and Futuna,WLF,2022,0
Wallis and Futuna,WLF,2023,0
West and Central Africa (UNAIDS),,2000,150000
West and Central Africa (UNAIDS),,2001,130000
West and Central Africa (UNAIDS),,2002,120000
West and Central Africa (UNAIDS),,2003,110000
West and Central Africa (UNAIDS),,2004,110000
West and Central Africa (UNAIDS),,2005,110000
West and Central Africa (UNAIDS),,2006,120000
West and Central Africa (UNAIDS),,2007,110000
West and Central Africa (UNAIDS),,2008,110000
West and Central Africa (UNAIDS),,2009,110000
West and Central Africa (UNAIDS),,2010,110000
West and Central Africa (UNAIDS),,2011,110000
West and Central Africa (UNAIDS),,2012,110000
West and Central Africa (UNAIDS),,2013,110000
West and Central Africa (UNAIDS),,2014,100000
West and Central Africa (UNAIDS),,2015,96000
West and Central Africa (UNAIDS),,2016,89000
West and Central Africa (UNAIDS),,2017,77000
West and Central Africa (UNAIDS),,2018,73000
West and Central Africa (UNAIDS),,2019,65000
West and Central Africa (UNAIDS),,2020,58000
West and Central Africa (UNAIDS),,2021,46000
West and Central Africa (UNAIDS),,2022,38000
West and Central Africa (UNAIDS),,2023,32000
Western/Central Europe and North America (UNAIDS),,2000,2500
Western/Central Europe and North America (UNAIDS),,2001,2200
Western/Central Europe and North America (UNAIDS),,2002,2100
Western/Central Europe and North America (UNAIDS),,2003,2000
Western/Central Europe and North America (UNAIDS),,2004,1600
Western/Central Europe and North America (UNAIDS),,2005,1400
Western/Central Europe and North America (UNAIDS),,2006,1200
Western/Central Europe and North America (UNAIDS),,2007,1000
Western/Central Europe and North America (UNAIDS),,2008,950
Western/Central Europe and North America (UNAIDS),,2009,970
Western/Central Europe and North America (UNAIDS),,2010,840
Western/Central Europe and North America (UNAIDS),,2011,800
Western/Central Europe and North America (UNAIDS),,2012,750
Western/Central Europe and North America (UNAIDS),,2013,640
Western/Central Europe and North America (UNAIDS),,2014,630
Western/Central Europe and North America (UNAIDS),,2015,590
Western/Central Europe and North America (UNAIDS),,2016,590
Western/Central Europe and North America (UNAIDS),,2017,530
Western/Central Europe and North America (UNAIDS),,2018,520
Western/Central Europe and North America (UNAIDS),,2019,490
Western/Central Europe and North America (UNAIDS),,2020,570
Western/Central Europe and North America (UNAIDS),,2021,670
Western/Central Europe and North America (UNAIDS),,2022,500
Western/Central Europe and North America (UNAIDS),,2023,530
World,OWID_WRL,2000,680000
World,OWID_WRL,2001,660000
World,OWID_WRL,2002,730000
World,OWID_WRL,2003,710000
World,OWID_WRL,2004,690000
World,OWID_WRL,2005,730000
World,OWID_WRL,2006,660000
World,OWID_WRL,2007,650000
World,OWID_WRL,2008,680000
World,OWID_WRL,2009,660000
World,OWID_WRL,2010,550000
World,OWID_WRL,2011,540000
World,OWID_WRL,2012,500000
World,OWID_WRL,2013,450000
World,OWID_WRL,2014,410000
World,OWID_WRL,2015,340000
World,OWID_WRL,2016,300000
World,OWID_WRL,2017,270000
World,OWID_WRL,2018,260000
World,OWID_WRL,2019,210000
World,OWID_WRL,2020,220000
World,OWID_WRL,2021,190000
World,OWID_WRL,2022,170000
World,OWID_WRL,2023,160000
Yemen,YEM,2000,19
Yemen,YEM,2001,17
Yemen,YEM,2002,19
Yemen,YEM,2003,22
Yemen,YEM,2004,24
Yemen,YEM,2005,29
Yemen,YEM,2006,33
Yemen,YEM,2007,34
Yemen,YEM,2008,33
Yemen,YEM,2009,31
Yemen,YEM,2010,28
Yemen,YEM,2011,31
Yemen,YEM,2012,24
Yemen,YEM,2013,24
Yemen,YEM,2014,31
Yemen,YEM,2015,46
Yemen,YEM,2016,36
Yemen,YEM,2017,36
Yemen,YEM,2018,36
Yemen,YEM,2019,34
Yemen,YEM,2020,43
Yemen,YEM,2021,42
Yemen,YEM,2022,39
Yemen,YEM,2023,51
Zambia,ZMB,2000,19000
Zambia,ZMB,2001,19000
Zambia,ZMB,2002,14000
Zambia,ZMB,2003,11000
Zambia,ZMB,2004,12000
Zambia,ZMB,2005,14000
Zambia,ZMB,2006,14000
Zambia,ZMB,2007,15000
Zambia,ZMB,2008,16000
Zambia,ZMB,2009,15000
Zambia,ZMB,2010,14000
Zambia,ZMB,2011,14000
Zambia,ZMB,2012,14000
Zambia,ZMB,2013,14000
Zambia,ZMB,2014,14000
Zambia,ZMB,2015,14000
Zambia,ZMB,2016,12000
Zambia,ZMB,2017,13000
Zambia,ZMB,2018,13000
Zambia,ZMB,2019,9700
Zambia,ZMB,2020,7700
Zambia,ZMB,2021,4100
Zambia,ZMB,2022,2800
Zambia,ZMB,2023,2600
Zimbabwe,ZWE,2000,14000
Zimbabwe,ZWE,2001,12000
Zimbabwe,ZWE,2002,11000
Zimbabwe,ZWE,2003,12000
Zimbabwe,ZWE,2004,11000
Zimbabwe,ZWE,2005,13000
Zimbabwe,ZWE,2006,15000
Zimbabwe,ZWE,2007,15000
Zimbabwe,ZWE,2008,15000
Zimbabwe,ZWE,2009,11000
Zimbabwe,ZWE,2010,8100
Zimbabwe,ZWE,2011,8700
Zimbabwe,ZWE,2012,8400
Zimbabwe,ZWE,2013,6000
Zimbabwe,ZWE,2014,5800
Zimbabwe,ZWE,2015,4900
Zimbabwe,ZWE,2016,4300
Zimbabwe,ZWE,2017,4000
Zimbabwe,ZWE,2018,3600
Zimbabwe,ZWE,2019,4800
Zimbabwe,ZWE,2020,4700
Zimbabwe,ZWE,2021,5400
Zimbabwe,ZWE,2022,6000
Zimbabwe,ZWE,2023,5500